symptoms,specialization
I have ear pain.,ENT
I am having burning during urination.,Urology
"I'm sweating profusely and finding it difficult to catch my breath. I feel quite ill, and my throat is very mucous. My heart is pounding, and my chest aches. I'm coughing up thick mucous that resembles rust.",Pulmonology
"I've been coughing a lot and finding it difficult to breathe. My throat hurts and I feel like I have a lot of phlegm trapped in my chest. My nose has been running a lot, and I've been feeling really congested.",ENT
I have been experiencing elbow pain and stiffness.,Orthopedics
I have been experiencing fatigue with fever.,General Medicine
"Recently, my muscles have felt quite weak, and my neck has been really tight. I have swollen joints, making it difficult for me to move. Walking has also been painful.",Orthopedics
"Back pain, a hacking cough, and numbness in my arms and legs have been bothering me. In addition, my neck hurts, and I've having trouble staying balanced and without getting lightheaded.",Orthopedics
I am having tonsil pain lately.,ENT
"I have been enduring frequent headaches, blurred vision, excessive appetite, a sore neck, anxiety, irritability, and digestive difficulties including indigestion and acid reflux.",Neurology
I have been experiencing recurring acne lately.,Dermatology
I have heartburn and acidity lately.,Gastroenterology
I have frequent sore throats,ENT
I have frequent abdominal discomfort,Gastroenterology
I have persistent eye discomfort,Ophthalmology
"My cough and cold have been awful for days. My sinuses are congested, and my face is under strain. Additionally, I've been coughing up phlegm, and it hurts in my chest. I have no sense of smell, and my muscles hurt a lot.",ENT
"I've been feeling really weak and cold lately, and this cough won't go away. It hurts in my chest when I cough, and my heart is pounding. The mucus I'm bringing up is a rusty brown color.",Pulmonology
"I'm drenched with sweat and struggling to breathe. I don't feel well and have a lot of mucous in my throat. My chest aches, and my heart is racing. I'm coughing up mucus that is crimson in colour.",Pulmonology
I have difficulty swallowing,ENT
I feel breathless after walking,Pulmonology
I have been experiencing blurry vision in one eye.,Ophthalmology
"I've had low temps and bloody urine for the past four days. My pee smells terrible, and my head hurts like hell. I scarcely have any control over when I urinate, and the urges strike without warning.",Urology
I am having difficulty starting urination lately.,Urology
I have stomach pain after meals.,Gastroenterology
I have been experiencing difficulty breathing during exercise.,Pulmonology
I recently developed pain around eyes lately.,Ophthalmology
I have persistent skin irritation lately.,Dermatology
I am having sore throat and blocked nose.,ENT
I am having recurring acne.,Dermatology
"I have been experiencing a headache that feels like a sharp pain in my temples, along with chest pain and dizziness.",Cardiology
"For a few days now, I've been suffering from a headache and chest pain, but today the dizziness and lack of balance got considerably worse.",Cardiology
I have pelvic pain lately.,Gynecology
"My calves have been cramping up when I walk or stand for long periods of time. There are bruise marks on my calves, which is making me worried. I feel tired very soon.",General Medicine
I have trouble emptying my bladder,Urology
I am having frequent diarrhea lately.,Gastroenterology
I have been experiencing facial pressure with congestion.,ENT
I feel short of breath during activity,Pulmonology
I have blurry vision in one eye lately.,Ophthalmology
I am having burning in upper stomach lately.,Gastroenterology
I have nasal congestion,ENT
"I'm having trouble breathing, and my fever is really high. I'm drenched in sweat and shivering from the chill. My heart is thumping rapidly, and I'm quite exhausted. Additionally, I'm about to have some brownish phlegm.",Pulmonology
I have runny nose and sneezing lately.,ENT
I have been experiencing eczema-like patches lately.,Dermatology
I am having wheezing when breathing lately.,Pulmonology
I feel weakness in one side of my body,Neurology
I have been experiencing difficulty with coordination.,Neurology
I have been experiencing heart palpitations.,Cardiology
I have been experiencing blocked ear.,ENT
"In addition to recurrent headaches and blurred vision, increased appetite, a stiff neck, sadness, irritability, and visual disturbance, I have been having stomach problems, including indigestion and acidity.",Neurology
"I've had a terrible cough and cold for days. My face is tired and my sinuses are blocked. In addition, my chest hurts from the phlegm I've been coughing up. I can't smell, and my muscles are in terrible pain.",ENT
I am having wrist pain when moving.,Orthopedics
"I've had trouble sleeping because of the itching and pain produced by the rash. My nails have little dents, which is really alarming. Moreover, my joints pain everyday and I have no idea what is causing it.",Dermatology
I recently developed blurry vision in one eye lately.,Ophthalmology
I have been experiencing throat irritation lately.,ENT
I am having frequent nighttime urination lately.,Urology
I am having abdominal bloating lately.,Gastroenterology
I'm constantly sneezing and my body is shaking from being cold. I'm so tired I can barely move and my head is killing me. My fever is through the roof,ENT
"My neck is swollen, and I'm exhausted. My throat is scratchy, and my eyes are burning red. My nose is really clogged, and I am experiencing facial pressure. My chest hurts, and I'm unable to smell anything.",ENT
My ankle hurts when walking,Orthopedics
I am having eye pain lately.,Ophthalmology
I have been experiencing pounding heartbeat.,Cardiology
I struggle to breathe deeply,Pulmonology
I have been experiencing irregular menstrual cycles lately.,Gynecology
"The rash on my skin has spread to other parts of my body, including my chest and abdomen. It is itchy and uncomfortable, and it is often worse at night. I am also facing skin peeling.",Dermatology
My urine stream has become weak,Urology
I am having difficulty hearing.,ENT
"I've had intense aches in my chest, a head  pain that refuses to go away, and I've been feeling dizzy and unsteady.",Cardiology
I am having burning in upper stomach.,Gastroenterology
I have been experiencing lower abdominal pain with urination lately.,Urology
I have been experiencing runny nose and sneezing lately.,ENT
"I have a loss of appetite and difficulty swallowing. I often have this persistent feeling of fullness, even after eating small meals. I usually throw up and get heartburn and a tingling sensation in my throat",Gastroenterology
I have been experiencing frequent nighttime urination.,Urology
I have been experiencing acid reflux.,Gastroenterology
I have been experiencing light sensitivity with eye discomfort.,Ophthalmology
I am having repeated wheezing episodes.,Pulmonology
I am having pain around eyes lately.,Ophthalmology
"The rashes on my skin are not healing. Moreover, I have noticed a sudden peeling of the skin, especially the skin on my elbows and knees. I am really worried about this.",Dermatology
I have tingling in my feet,Neurology
I recently developed cramps during menstruation lately.,Gynecology
I have chest pressure during activity lately.,Cardiology
"I have heartburn and indigestion. I often vomit whatever I eat and have difficultly swallowing food, beacuse the food gets stuck in my throat. I have a nagging pain in my upper abdomen",Gastroenterology
"Because of dry, flaky areas on my skin, I am prone to infections. My joints are in excruciating agony. The skin on my knees and elbows is beginning to flake.",Dermatology
I have persistent burning during urination,Urology
I am having knee pain when walking.,Orthopedics
I have been experiencing frequent urination.,Urology
I am having blood in urine lately.,Urology
"I've been experiencing stiffness and weakness in my neck muscles recently. Since my joints have grownup, it's heavy on behalf of American state to run whereas not getting stiff. additionally, walking has been very uncomfortable.",Orthopedics
I have blood in urine lately.,Urology
I am having scaly skin patches lately.,Dermatology
I am having sore throat and blocked nose lately.,ENT
I have been experiencing neck pain and stiffness.,Orthopedics
"Along with a chest pain and dizziness, I've had a headache that seems like a sharp pain in my forehead.",Cardiology
I am having burning during urination lately.,Urology
I have persistent skin irritation,Dermatology
I frequently feel the need to urinate,Urology
I have fever and body aches lately.,General Medicine
I cannot hear properly,ENT
I have fever and tiredness.,General Medicine
I recently developed irregular menstrual cycles.,Gynecology
"My skin has a silvery layer over it, especially on my back and arms. This dusting is made up of small scales that peel off readily when rubbed. Also, there are rashes all over my body.",Dermatology
I have chest tightness while breathing lately.,Pulmonology
"I have a feeling of food or acid backing up into my throat. I chest pain which gets worse if I lie down. I get frequent heartburn or indigestion, after eating food and vomit it out",Gastroenterology
My vision is getting worse,Ophthalmology
"I've been experiencing muscular weakness and stiffness in my neck recently. My joints have swollen, creating it troublesome on behalf of me to run regarding while not changing into stiff. Walking has additionally been agonizingly uncomfortable.",Orthopedics
"My nails have small dents on them. Even my joints have started to pain severely. There is a silver like dusting on my skin, particularly in my back.",Dermatology
I occasionally urinate with blood in it and occasionally feel queasy while doing so. Help! I also occasionally get high temps at night and have a terrible odour coming from my pee.,Urology
I have blurry vision in one eye.,Ophthalmology
I have been experiencing shoulder pain when lifting.,Orthopedics
"I have been feeling fine all day, but suddenly developed a headache, chest pain, and dizziness while out for a run. It's been hard for me to maintain my balance since then",Cardiology
I often feel sick after eating and puke up the entire meal. I constantly get excruciating acid reflux and severe stomach pain.,Gastroenterology
I recently developed light sensitivity with eye discomfort lately.,Ophthalmology
I have swelling around my knee,Orthopedics
I have recurring migraine lately.,Neurology
"I have a sore throat or hoarseness, especially in the morning. I have a chronic nagging pain in my throat and bad breath. I also have frequent belching",Gastroenterology
I recently developed eye irritation lately.,Ophthalmology
I am having pounding heartbeat lately.,Cardiology
"I've had trouble falling asleep because of the rash's pain and itching. The skin on my fingers are starting to peel off. My nails have a few tiny cracks, which is really worrying.",Dermatology
I have chest tightness while breathing.,Pulmonology
"I need to relieve myself regularly, but I can't seem to get my bladder to empty. On sometimes, I get intense, uncontrollable urges to urinate, along with dark or red urine.",Urology
I suffer from migraine headaches,Neurology
I have abnormal menstrual bleeding,Gynecology
I am having skin inflammation lately.,Dermatology
I am having hip pain while walking.,Orthopedics
I have pain around eyes.,Ophthalmology
I am having racing heartbeat lately.,Cardiology
I am dealing with cramps during menstruation lately.,Gynecology
My skin has become very dry,Dermatology
I have been experiencing itchy red rash.,Dermatology
"I'm saturated with sweat and struggling to breathe. My throat is blocked with mucous, and I'm uncomfortable. My heart is racing, and my chest aches. I'm coughing up a darkish stringy mucous.",Pulmonology
My eyes feel tired and painful,Ophthalmology
"I've been experiencing stiffness and weakness in my neck muscles recently. Since my joints have grownup, it's heavy on behalf of Pine Tree State to run whereas not getting stiff. additionally, walking has been terribly uncomfortable.",Orthopedics
"My joints are experiencing an unusual discomfort. Additionally, I've experienced weird skin peeling in various places on my body. I'm concerned that something is wrong with my body.",Dermatology
I have been experiencing itchy red rash lately.,Dermatology
I recently developed severe period pain lately.,Gynecology
"It feels like food or acid is backing up in my throat. My chest discomfort only becomes worse while I'm lying down. After eating, I frequently have heartburn or indigestion and throw up.",Gastroenterology
I have been experiencing frequent diarrhea.,Gastroenterology
I have pain while urinating.,Urology
"Recently, I've been suffering neck muscle weakness and stiffness. My joints have enlarged and it is difficult for me to walk without feeling stiff. Walking has also been excruciatingly uncomfortable.",Orthopedics
"Along with distorted eyesight, excessive appetite, a painful neck, melancholy, irritability, and regular headaches, I have also been experiencing acid reflux, indigestion, and regular headaches.",Neurology
"The skin around my mouth, nose, and eyes is red and inflamed. It is often itchy and uncomfortable. There is a noticeable inflammation in my nails.",Dermatology
I have been experiencing difficulty starting urination lately.,Urology
I have been experiencing chest congestion with cough lately.,Pulmonology
I am having difficulty seeing clearly.,Ophthalmology
"My skin is peeling, particularly on my knees, elbows, and scalp. This peeling is frequently accompanied by a stinging or burning feeling.",Dermatology
I have been experiencing fever and tiredness lately.,General Medicine
I have been experiencing cramps during menstruation.,Gynecology
I have persistent fatigue.,General Medicine
My skin feels irritated,Dermatology
I have irregular heartbeat.,Cardiology
"I have been feeling disoriented and dizzy, and have also had trouble keeping my balance. My headache has been a constant presence as well.",Cardiology
"I frequently have indigestion and heartburn, especially after eating spicy or fatty foods. My chest hurts when I lean forward or while I'm lying down. Additionally, my chest hurts a lot.",Gastroenterology
I have a fungal-looking skin infection,Dermatology
I have been experiencing recurring migraine.,Neurology
"After eating, I frequently feel unwell and throw up the entire meal. I suffer from painful acid reflux and excruciating stomach discomfort all the time.",Gastroenterology
I have been experiencing eye pain.,Ophthalmology
I have red and watery eyes.,Ophthalmology
I have difficulty hearing,ENT
My period pain is difficult to tolerate,Gynecology
I have kidney-area pain.,Urology
I have severe menstrual cramps lately.,Gynecology
I have been experiencing blood in urine lately.,Urology
I have bumps on my skin,Dermatology
"Frequent urges to urinate with little output, pain during urination, cloudy or bloody urine, strong or foul-smelling urine, pelvic pain, low fever, nausea and vomiting",Urology
I have lower abdominal pain during menstruation lately.,Gynecology
I have difficulty focusing my vision,Ophthalmology
I have wheezing when breathing.,Pulmonology
"My nails are starting to have small pits on them. I am worried and don't know what is causing it. Also, my joints pain and there are rashes on my arms and back.",Dermatology
I have been experiencing heavy periods.,Gynecology
"I've been suffering visual disruptions, seeing things as distorted, and eyesight problems.",Neurology
I am overweight and have noticed that my legs are swollen and the blood vessels are visible. My legs have swollen and I can see a stream of swollen veins on my calves.,General Medicine
I have been experiencing general weakness.,General Medicine
I have been experiencing burning in upper stomach lately.,Gastroenterology
I sometimes feel skipped heartbeats,Cardiology
I am having chest tightness while breathing lately.,Pulmonology
My neck has been very tight and my muscles have felt quite weak recently. it's tough on behalf of me to maneuver around while not changing into stiff thanks to my swollen joints. Walking has additionally been very uncomfortable.,Orthopedics
I am having pelvic pain lately.,Gynecology
I have stomach pain after meals lately.,Gastroenterology
"My lower abdomen hurts, and when I urinate, it feels like it's exploding. I've been having low body temps ever since I started having these new symptoms. Because of this, I've been weak.",Urology
I have been experiencing eye irritation lately.,Ophthalmology
I experience frequent palpitations,Cardiology
The veins on my legs cause a lot of discomforts when I sit for long periods of time.,General Medicine
I recently developed severe period pain.,Gynecology
I am having hip pain while walking lately.,Orthopedics
I have frequent urination.,Urology
"My nails are slightly dented. Even my joints are now experiencing excruciating discomfort. My skin has a silver-like powder, especially on my back and elbows.",Dermatology
I am having heart palpitations.,Cardiology
"I have noticed a sudden peeling of skin at different parts of my body, mainly arms, legs and back. Also, I face severe joint pain and skin rashes.",Dermatology
I am dealing with difficulty seeing clearly.,Ophthalmology
I have hip pain,Orthopedics
"In addition to having a stiff neck and eye issues, I have been always hungry.",Neurology
I have sinus pressure,ENT
The rash on my legs is spreading and becoming more severe. It has become very difficult for me to run.,General Medicine
"I've been facing visual disruptions, seeing things as distorted, and eyesight difficulties.",Neurology
I am having general weakness.,General Medicine
"My muscles have been really weak, and my neck has been extremely stiff. My joints have swollen, making it difficult to move about. Walking has been excruciatingly uncomfortable.",Orthopedics
I am having lower abdominal pain with urination lately.,Urology
I have persistent heart palpitations,Cardiology
I have been experiencing itchy eyes.,Ophthalmology
I have been experiencing dry itchy skin lately.,Dermatology
"I have to constantly to go the bathroom to relieve myself, but cant seem to empty my bladder. I get these very strong and uncontrollable urges to pee and sometimes get dark or bloody pee",Urology
"I get a sour taste in my mouth all the time, even when there is nothing acidic in my stomach. I often get the hiccups and have a lump in my throat.",Gastroenterology
I can't seem to catch my breath and I'm sweating a lot. I feel really sick and have a lot of phlegm in my throat. My chest hurts and my heart is racing. The mucus I'm coughing up is yellowish.,Pulmonology
I have pain inside my ear,ENT
"My muscles have been quite weak, and my neck has been really stiff. My joints have swollen, making it difficult for me to move without becoming stiff. Walking has been quite uncomfortable as well.",Orthopedics
I am having pain around eyes.,Ophthalmology
I feel weak and tired,General Medicine
"I get blood in my pee sometimes and sometimes get nauseous whie peeing. I also have a bad smell in my pee and sometimes get high temperatures at nights, help me",Urology
I feel sick and weak,General Medicine
I have been experiencing rapid heartbeat.,Cardiology
I feel weak for several days,General Medicine
I have been experiencing nausea and vomiting lately.,Gastroenterology
I am having chest congestion with cough.,Pulmonology
I recently developed blurred vision lately.,Ophthalmology
I recently developed itchy eyes lately.,Ophthalmology
"When I first experienced a headache, chest pain, and lightheadedness, I was at work. Since then, it has been challenging for me to focus and concentrate on my work.",Cardiology
I have been experiencing sinus pressure lately.,ENT
"I've had chills, lethargy, a cough, a high temperature, and difficulties breathing lately. I've been sweating profusely and generally feeling ill and weak. I've also had some quite thick and black phlegm.",Pulmonology
"Along with distorted eyesight, excessive appetite, a painful neck, anxiety, irritability, and regular headaches, I have also been battling acid reflux, indigestion, and regular headaches.",Neurology
"My sinuses feel incredibly congested, and my eyes are continuously red. I just constantly feel drained and exhausted. In addition, I have a lot of uncomfortable phlegm in my throat. My lymph nodes feel bloated, and breathing has been challenging.",ENT
I have recurring urinary problems,Urology
I frequently get a scratchy voice or a painful throat when I wake up. I have bad breath and a continual sore throat. I also vomit a lot.,Gastroenterology
I have been experiencing pounding heartbeat lately.,Cardiology
My eyes are red and painful,Ophthalmology
I have been experiencing indigestion lately.,Gastroenterology
I feel bloated frequently,Gastroenterology
"I'm constantly sneezing, and the cold is making my body tremble. I'm so exhausted that I can hardly move, and my head hurts. My fever is quite high.",ENT
I am having low energy and weakness.,General Medicine
I have been experiencing blocked ear lately.,ENT
"Walking is tough for me because of cramps in my calves. Obesity, I believe, is the cause of this. After a while of working, I'm exhausted.",General Medicine
"I have been feeling depressed and irritable, and have noticed a change in my vision.",Neurology
I have persistent tiredness,General Medicine
I have severe recurring headaches,Neurology
"My eyes are constantly red and runny. A persistent tightness in my sinuses has also been bothering me. I've been having a lot of difficulties breathing and constantly feel fatigued. In addition, I have a lot of throat mucus and inflamed lymph nodes.",ENT
I feel short of breath,Pulmonology
"I've been quite exhausted and ill. My throat has been quite painful, and I've had a fairly nasty cough. I've got a lot of chills and a pretty high temperature. Just feeling extremely run down and weak",ENT
I have chest discomfort and palpitations.,Cardiology
I am having flaky scalp.,Dermatology
"Lately i have been experiencing muscle weakness, a stiff neck, swelling joints, and stiffness after I attempt to move around. it is also been very painful to steer.",Orthopedics
I am having heavy periods lately.,Gynecology
I have been experiencing irregular periods.,Gynecology
I have been experiencing blood in urine.,Urology
I have been experiencing numbness in hands.,Neurology
I have racing heartbeat lately.,Cardiology
I have discomfort while urinating,Urology
I have been experiencing painful periods lately.,Gynecology
"I have been feeling fine all day, but suddenly developed a headache, chest pain, and dizziness while out for a walk. It's been hard for me to focus and concentrate since then.",Cardiology
"My throat often feels like it's on fire, especially after eating. I occasionally get an aftertaste that is sour or bitter and makes me feel nauseous.",Gastroenterology
The pain in my calves is constant and becomes worse when I stand or walk for long periods of time. I am getting constant cramps and can't run for longer periods of time.,General Medicine
I have been experiencing general weakness lately.,General Medicine
I have sore throat and blocked nose.,ENT
I have a burning sensation in my stomach,Gastroenterology
"I have been experiencing acidity and indigestion after meals, as well as frequent headaches and blurred vision.",Neurology
"My muscles are quite weak, and my neck has been very stiff. My joints have swollen, creating it troublesome on behalf of me to steer concerning while not feeling stiff. Walking has conjointly been very uncomfortable.",Orthopedics
"I've been experiencing dizziness and anxiousness, as well as a loss in my attention and concentration and ability to concentrate.",Cardiology
I have pain and stiffness in my joints,Orthopedics
"I feel quite weak, and my lymph nodes are enlarged. My eyes are burning, and my throat hurts. My sinuses are under strain, and my nose is stuffy. I can't smell anything, and my chest hurts.",ENT
I have numbness in hands.,Neurology
I am having cough lasting several days lately.,Pulmonology
I am having shortness of breath with exertion.,Cardiology
"My throat often feels like it is burning, especially after eating. A bitter or sour aftertaste that I occasionally experience also makes me feel unwell.",Gastroenterology
I have an unexplained rash,Dermatology
I have red patches on my skin,Dermatology
I experience severe period pain,Gynecology
I have been experiencing burning during urination lately.,Urology
I have been experiencing stomach pain after meals.,Gastroenterology
I am dealing with blurry vision in one eye.,Ophthalmology
I am having frequent nighttime urination.,Urology
I have knee pain when walking lately.,Orthopedics
"While taking a walk, I suddenly started experiencing headache, chest pain, and dizziness after feeling fine all day. Since then, it has been challenging for me to concentrate and focus.",Cardiology
"I've been feeling really drained and cold, and I can't stop coughing. It hurts in my chest when I do, and my heart feels like it's racing. The mucus I'm coughing up is a gross brownish color.",Pulmonology
I have unexplained weakness,General Medicine
"I've had intense aches in my chest, a headache that won't go away, and I've been feeling dizzy and unsteady.",Cardiology
I have frequent heart palpitations,Cardiology
I have tingling in legs.,Neurology
I have been experiencing lower back pain.,Orthopedics
"I keep sneezing, and I'm miserable and exhausted. I have a lot of gunky things in my nose and throat, and my throat is really hurting. My neck also feels puffy and swollen.",ENT
I recently developed difficulty seeing clearly lately.,Ophthalmology
I've been feeling really weak in my muscles and my neck has been really stiff. My joints have been swelling up and it's hard for me to move around without feeling stiff. Walking has been really painful too.,Orthopedics
"I always have foul breath and a sour taste in my mouth, and occasionally, the tingling in my throat makes it difficult to swallow meals.",Gastroenterology
My chest feels tight when breathing,Pulmonology
I have pain before my period,Gynecology
I have an itchy skin rash,Dermatology
"My palms and soles have grown and developed severe fissures. These cracks are unpleasant and frequently bleed. Also, the skin is starting to peel off.",Dermatology
I experience wheezing frequently,Pulmonology
I am having lower abdominal pain during menstruation.,Gynecology
My legs are causing a lot of discomforts when I exercise. I get frequent cramps and the blood vessels have become quite noticeable.,General Medicine
I have chest pain with sweating,Cardiology
I recently developed blurred vision.,Ophthalmology
I have been experiencing difficulty seeing clearly lately.,Ophthalmology
I have been experiencing eye pain lately.,Ophthalmology
I have persistent cough lately.,Pulmonology
I am having severe menstrual cramps lately.,Gynecology
I have been experiencing wheezing when breathing lately.,Pulmonology
"I've been suffering from symptoms including a headache, chest pain, dizziness, losing my balance, and trouble concentrating.",Cardiology
"I have a tendency to burp and belch regularly. I often get chest discomfort that radiates to my arm, jaw, and neck. My chest feels tight and stressed.",Gastroenterology
I have persistent back pain,Orthopedics
I have been experiencing nausea and vomiting.,Gastroenterology
"I've been suffering with chills, tiredness, and a cough recently. I've been sweating tremendously and feeling overall unwell and weak. I've also had some thick, black phlegm. My chest aches, and my heart has been racing.",Pulmonology
I have been experiencing itchy skin bumps lately.,Dermatology
I have been experiencing breathlessness while walking lately.,Pulmonology
I am dealing with red and watery eyes lately.,Ophthalmology
I am having ankle pain after injury.,Orthopedics
I have heavy periods.,Gynecology
"I have a persistent cough and have been feeling quite fatigued. My fever is through the roof, and I'm having trouble breathing. When I cough, I also cough up a lot of mucous.",Pulmonology
"I have been having a headache, chest pain, dizziness, and trouble with my balance. It has also been hard for me to focus and concentrate.",Cardiology
I have frequent severe headaches lately.,Neurology
I have wheezing when breathing lately.,Pulmonology
"My neck has been so tense, and I've been feeling like my muscles are incredibly weak. I have trouble moving since my joints have enlarged. To walk has been quite painful.",Orthopedics
I am having acid reflux lately.,Gastroenterology
"I have a lot of difficulty breathing. I don't feel well, and I'm perspiring a lot. My chest hurts, and I have a lot of mucus in my throat. I'm having trouble breathing, and the phlegm I'm coughing up has a strange hue.",Pulmonology
I have been experiencing chest tightness when walking.,Cardiology
I have been experiencing hip pain while walking lately.,Orthopedics
I am having chest pressure during activity lately.,Cardiology
"For days, I've had a nasty cough and cold. My sinuses are clogged, and I have facial pressure. I've also been creating phlegm, and coughing pains my chest. I can't smell anything, and my muscles are aching.",ENT
I recently developed irregular periods lately.,Gynecology
"I'm sweating profusely and can't seem to get enough air. My throat is filled with a lot of mucus, and I don't feel good. My heart is pounding, and my chest aches. I'm coughing up reddish-colored mucous.",Pulmonology
"Along with excessive appetite, a stiff neck, headaches, indigestion, and acid reflux, I've also been experiencing sadness, impatience, and visual distortion.",Neurology
I have been experiencing severe period pain.,Gynecology
I recently developed pelvic pain lately.,Gynecology
I have pain after physical activity,Orthopedics
"I've recently had chills, exhaustion, a cough, a high temperature, and breathing issues. I've been perspiring a lot and generally feeling weak and ill. I've had some quite thick and black phlegm. My heart has been racing quite quickly.",Pulmonology
I recently developed heavy periods lately.,Gynecology
I am having light sensitivity with eye discomfort.,Ophthalmology
I am having fever and body aches lately.,General Medicine
I have been experiencing kidney-area pain lately.,Urology
My skin is burning and itchy,Dermatology
I have been experiencing throat irritation.,ENT
I am having shortness of breath with exertion lately.,Cardiology
"I can't stop coughing and I'm freezing. My sinuses are completely blocked, and I'm inundated with mucous. My chest hurts, and I'm unable to smell anything. My muscles are also really achy.",ENT
I have urgency to urinate,Urology
"I occasionally have trouble swallowing food because of the tingling in my throat, terrible breath, and bad taste in my mouth.",Gastroenterology
I am having pounding heartbeat.,Cardiology
"I have been dealing with a headache and chest pain for a few days now, but today the dizziness and loss of balance became much worse.",Cardiology
My eyes are red and watery all the time. I've also had this pressure in my sinuses that won't go away. I'm always feeling tired and I've been having a lot of trouble breathing. I've also had a lot of gunk in my throat and my lymph nodes are swollen.,ENT
My knees feel stiff,Orthopedics
"I've been experiencing frequent, intense, abrupt cravings to urinate. Sometimes I get blood in my pee, and it smells awful. What should I do if I believe I have an infection?",Urology
My ears are ringing,ENT
I am having blurred vision lately.,Ophthalmology
There are red itchy spots on my arms,Dermatology
I am having fever with chills.,General Medicine
I am having indigestion.,Gastroenterology
I have problems with coordination,Neurology
I recently developed lower abdominal pain during menstruation.,Gynecology
I am dealing with painful periods.,Gynecology
I am dealing with severe menstrual cramps lately.,Gynecology
The cramps in my calves are making it difficult for me to walk. I feel fatigued after working for some time. I believe obesity is the reason behind this.,General Medicine
I have frequent urination lately.,Urology
I have painful periods every month,Gynecology
I am having high blood pressure.,Cardiology
I have been experiencing tingling in legs lately.,Neurology
I recently developed heavy periods.,Gynecology
I have chills and high temperature lately.,General Medicine
My heart is beating very fast,Cardiology
I have general weakness lately.,General Medicine
"Along with headaches, indigestion, acid reflux, excessive appetite, a sore neck, sadness, impatience, and visual disturbance, I have also been experiencing blurred and distorted vision.",Neurology
"Lately, my neck has been tight and my muscles have been weakened. I have swelling joints that make it difficult for me to move about without getting stiff. It has also been agonisingly painful to walk.",Orthopedics
I have red and watery eyes lately.,Ophthalmology
"The veins in my legs are causing discomfort and difficulty sleeping at night. They are swollen and protruding from my skin, making them noticeable and painful.",General Medicine
I am having blocked ear.,ENT
I am having abdominal bloating.,Gastroenterology
"I have lower abdominal ache and a bursting sensation when I urinate. Since I began to experience these additional symptoms, I have also been experiencing low body temperatures. I've been weak as a result of this.",Urology
My skin is inflamed,Dermatology
I am having fever with chills lately.,General Medicine
I have been experiencing scaly skin patches lately.,Dermatology
I have been experiencing balance problems lately.,Neurology
I have been experiencing pain around eyes.,Ophthalmology
The skin on my palms and soles is thickened and has deep cracks. These cracks are painful and bleed easily.,Dermatology
I recently developed red and watery eyes.,Ophthalmology
My stomach feels uncomfortable,Gastroenterology
I have been experiencing sinus pressure.,ENT
The blood vessels on my legs are quite visible and give me a lot of pain. They're large and protrude from my skin. It is unusual and I am worried about it.,General Medicine
I have been experiencing abdominal cramps lately.,Gastroenterology
I have been experiencing lower abdominal pain with urination.,Urology
My legs' swelling has become worse over the last couple of days. I can see the blood vessels protruding out of the skin. This is quite unusual.,General Medicine
I am dealing with severe menstrual cramps.,Gynecology
I am having itchy skin bumps.,Dermatology
My skin is peeling,Dermatology
My wrist hurts when I move it,Orthopedics
"As well as with excessive appetite, a tense neck, depression, irritability, and visual disturbance, I've also been having indigestion, headaches, blurred vision, and acid reflux. These symptoms have been disturbing me and interfering with my usual activities.",Neurology
I have severe menstrual cramps.,Gynecology
I have been experiencing chest tightness while breathing lately.,Pulmonology
"I have been experiencing joint pain in my fingers, wrists, and knees. The pain is often achy and throbbing, and it gets worse when I move my joints.",Dermatology
I am having numbness in hands.,Neurology
"I have been struggling with acid reflux, indigestion, and headaches, as well as blurred and distorted vision, excessive hunger, a sore neck, depression, irritability, and visual disturbance. These symptoms have been causing me a lot of problems and making it difficult to concentrate and function normally.",Neurology
I am having stomach pain after meals lately.,Gastroenterology
I am having painful periods lately.,Gynecology
"My nose feels quite clogged, and my eyes are constantly very red and runny. In addition, my chest hurts and I've been having a lot of breathing problems. In addition, my muscles feel quite painful, and I can't smell anything.",ENT
I am having scaly skin patches.,Dermatology
I have stiffness in my joints,Orthopedics
I have been experiencing dry itchy skin.,Dermatology
I am having persistent cough.,Pulmonology
"There is a silver like dusting on my skin, especially on my lower back and scalp. This dusting is made up of small scales that flake off easily when I scratch them.",Dermatology
I feel burning when I urinate,Urology
"I have experienced fatigue and a general feeling of malaise. I often feel tired and have a lack of energy, even after a good night's sleep.",Dermatology
I have been experiencing low energy and weakness.,General Medicine
"I've had low temps and blood in my urine for the past three days. My pee smells terrible, and my head hurts so much. Urinary urges seldom occur on cue, and I almost never have any control over when they do.",Urology
I have difficulty catching my breath,Pulmonology
"Along with impaired seeing, excessive eating, a sore neck, melancholy, impatience, and constant headaches, I've also been fighting heartburn, acid reflux, and indigestion.",Neurology
I recently developed severe menstrual cramps.,Gynecology
"Lately I've been experiencing chills, fatigue, a cough, a high fever, and difficulty breathing. I've been sweating a lot and just feeling really sick and weak. I've also had some phlegm that's been really thick and dark.",Pulmonology
I recently developed pain around eyes.,Ophthalmology
I am having pain while urinating.,Urology
I have frequent headaches,Neurology
I can't stop sneezing and I feel really tired and crummy. My throat is really sore and I have a lot of gunky stuff in my nose and throat. My neck feels swollen and puffy too.,ENT
I am having knee pain when walking lately.,Orthopedics
I frequently burp after eating,Gastroenterology
I've been really weary and ill. I've been suffering from a severe cough and sore throat. I've got a lot of chills and a pretty high temperature. I simply feel tired and run down.,ENT
"I've been feeling very lousy, with a high temperature, shortness of breath, sweating, chills, and extreme weariness. My heart is beating, and I've been coughing up a lot of brownish phlegm.",Pulmonology
I am having irregular periods.,Gynecology
I have chills and high temperature.,General Medicine
"My eyes are always red and itchy, and my nose feels all stuffy and congested. I just feel kind of sick and tired all the time, and I keep coughing up all this gunk. My throat feels sore and scratchy, and I've noticed that the bumps on my neck are bigger than usual",ENT
I have been experiencing heavy periods lately.,Gynecology
I have episodes of vertigo.,Neurology
I have knee pain while climbing stairs,Orthopedics
I have cloudy vision,Ophthalmology
I am having cramps during menstruation lately.,Gynecology
I have frequent acidity,Gastroenterology
I am having neck pain and stiffness.,Orthopedics
I have been experiencing breathlessness while walking.,Pulmonology
I have excessive gas,Gastroenterology
I am having itchy eyes.,Ophthalmology
I have trouble seeing distant objects,Ophthalmology
"Acidity and indigestion are among the digestive problems I've been having, along with regular headaches, blurred vision, increased hunger, stiff neck, sadness, impatience, and visual disruption.",Neurology
I am having breathlessness while walking lately.,Pulmonology
I recently developed light sensitivity with eye discomfort.,Ophthalmology
"My burping and belching are frequent. I frequently get chest discomfort that spreads to the back of my neck, jaw, and arm. I have pressure and tension in my chest.",Gastroenterology
My is pee is dark and often bloody and often has a very unfathomable smell. I have been having temperature fluctuations pretty frequently and often am not able to sleep at night because of this,Urology
"The veins in my calves are protruding out quite unusually. I am worried about it. Also, I am overweight and I believe this is the reason behind all of this.",General Medicine
I have recurring fever,General Medicine
I am having dizziness and imbalance lately.,Neurology
"My muscles have been quite weak, and my neck has been really stiff. My joints have swollen and I've been experiencing a lot of stiffness when I move around. Walking has also been excruciatingly uncomfortable.",Orthopedics
I have shortness of breath lately.,Pulmonology
"Even when I don't have anything acidic in my stomach, I constantly have a sour taste in my mouth. I frequently have a lump in my throat and the hiccups.",Gastroenterology
I have frequent urination,Urology
"I have heartburn and indigestion. I regularly vomit everything I eat, and food gets stuck in my throat, making it difficult for me to swallow. I have a pain in my upper abdomen.",Gastroenterology
I am having persistent skin irritation lately.,Dermatology
I have difficulty breathing,Pulmonology
I am having shoulder pain when lifting.,Orthopedics
I have been experiencing heartburn and acidity lately.,Gastroenterology
"I have been suffering from acid reflux, indigestion, and frequent headaches, as well as distorted vision, excessive hunger, a sore neck, depression, irritability, and visual disturbance.",Neurology
I have been experiencing lower back pain lately.,Orthopedics
I have severe menstrual cramps,Gynecology
I am having dizziness and imbalance.,Neurology
The swelling in my legs is causing me to have difficulty fitting into my shoes and is causing discomfort when I sit for long periods of time.,General Medicine
I have been experiencing memory problems lately.,Neurology
I am having abdominal cramps.,Gastroenterology
I am having heavy menstrual bleeding lately.,Gynecology
I have recurring migraine.,Neurology
I have a sore throat,ENT
I am having recurring migraine lately.,Neurology
"I have been suffering from acid reflux, indigestion, and regular headaches, as well as distorted vision, excessive hunger, a sore neck, depression, irritability, and visual disturbance.",Neurology
My menstrual cycle has changed,Gynecology
"I've been sneezing nonstop and I can't seem to shake this chill. I'm feeling really weak and tired, and my cough won't go away. My fever is really high",ENT
"I often wake up with a sore throat or a scratchy voice. My throat hurts constantly, and I also have poor breath. I also frequently burp.",Gastroenterology
I recently developed blurry vision in one eye.,Ophthalmology
I feel my heartbeat is unusually fast,Cardiology
"I can't quit sneezing, and my nose is running. I'm also constantly chilly and exhausted, and I've been coughing a lot. My fever is also really high, well above usual.",ENT
"I've been encountering trouble walking, a headache, chest pain, and dizziness. My concentration skills and focus has also been challenging.",Cardiology
"I've been feeling really tired and sick. I've been sneezing a lot and I can't seem to get warm. I'm so tired and my head is killing me. And my fever is really high, like I'm boiling.",ENT
I have been experiencing blurry vision in one eye lately.,Ophthalmology
"I am experiencing too many cramps in the last couple of days. I think something is not right. I believe there is a small bruise on my calves, but I am not sure about it.",General Medicine
"I don't feel like eating, and swallowing is challenging. Even after eating little meals, I frequently get this lingering sense of fullness. Typically, I have heartburn, nausea, and tingling in my throat.",Gastroenterology
I have been experiencing cramps during menstruation lately.,Gynecology
I am having heavy menstrual bleeding.,Gynecology
I have shortness of breath with exertion lately.,Cardiology
I am having joint stiffness lately.,Orthopedics
I am having heartburn and acidity.,Gastroenterology
"I felt good when I woke up this morning, but as the day wore on, I began to feel headachey, sick to my stomach, and dizzy. Since then, it has been challenging for me to concentrate and focus on my work.",Cardiology
I have been experiencing abdominal cramps.,Gastroenterology
I have red and swollen skin,Dermatology
I am having frequent urination.,Urology
"I've been experiencing muscular weakness and stiffness in my neck recently. My joints have swollen, making it difficult for me to walk about without becoming stiff. Walking has also been excruciatingly uncomfortable.",Orthopedics
I've been feeling really weak in my muscles lately and my neck has been really stiff. My joints have been swelling up and it's hard for me to move around without feeling stiff. Walking has been really painful too.,Orthopedics
My heartbeat feels irregular,Cardiology
I am dealing with lower abdominal pain during menstruation.,Gynecology
I am having urinary burning and discomfort lately.,Urology
I have been experiencing tingling in legs.,Neurology
I experience sudden dizziness,Neurology
I have chest pain,Cardiology
I have trouble controlling urination,Urology
I am having severe menstrual cramps.,Gynecology
"I have a mild temperature and blood in my pee. My head hurts almost constantly, and I frequently experience severe, involuntary desires to urinate. Additionally, I've been experiencing lower back ache",Urology
I can't seem to get enough air and I'm sweating a lot. I don't feel well and there's a lot of phlegm in my throat. My chest hurts and my heart is racing. The mucus I'm coughing up is reddish in color.,Pulmonology
I am dealing with severe period pain lately.,Gynecology
"The swelling in my legs has gotten worse over the past few weeks. Now, a large number of veins are noticeable on my calves, which is making me worried.",General Medicine
I am dealing with pain around eyes lately.,Ophthalmology
I have light sensitivity with eye discomfort lately.,Ophthalmology
I have been experiencing difficulty hearing.,ENT
"I've been experiencing stiffness and weakness in my neck muscles recently. Since my joints have grownup, it's onerous on behalf of me to run while not obtaining stiff. in addition, walking has been extraordinarily uncomfortable.",Orthopedics
"I frequently have heartburn and indigestion, particularly after consuming spicy or fatty foods. When I lie down or stoop over, my chest discomfort worsens. My chest hurts quite a bit too.",Gastroenterology
I feel pressure around my chest,Cardiology
I am having cramps during menstruation.,Gynecology
I recently developed lower abdominal pain during menstruation lately.,Gynecology
"My pee looks cloudy and has storng and foul smell. I frequently get an urge to urinate at night, and have been getting high temperatures since these symptoms strted showing",Urology
My menstrual cycle is irregular,Gynecology
I have been experiencing heavy menstrual bleeding.,Gynecology
I am having memory problems.,Neurology
I have been experiencing flaky scalp lately.,Dermatology
I have difficulty seeing clearly,Ophthalmology
I am having red and watery eyes lately.,Ophthalmology
"Along with excessive appetite, a stiff neck, depression, impatience, and visual disturbance, I've also been suffering indigestion, headaches, blurred vision, and stomach problems.",Neurology
I have pain in my elbow,Orthopedics
I have wheezing while breathing,Pulmonology
My chest feels heavy,Cardiology
I have been experiencing frequent severe headaches.,Neurology
I recently developed difficulty seeing clearly.,Ophthalmology
I have pain around eyes lately.,Ophthalmology
I feel dizzy often,Neurology
I have been experiencing irregular periods lately.,Gynecology
I have reduced hearing in one ear,ENT
My breathing becomes difficult at night,Pulmonology
I have been experiencing memory problems.,Neurology
I have been experiencing recurring acne.,Dermatology
I feel unwell for several days,General Medicine
I have been experiencing tonsil pain lately.,ENT
I have been experiencing acid reflux lately.,Gastroenterology
I have heavy menstrual bleeding lately.,Gynecology
The veins on my calves are very prominent and are causing me a lot of discomforts. They are swollen and protrude from my skin.,General Medicine
"I've been having chills and feeling really worn out, and this cough won't go away. My chest hurts when I cough, and my heart is racing. The mucus I'm bringing up is a gross brownish color.",Pulmonology
I have bloating and a feeling of uneasiness. I have been experiencing weight loss and a loss of appetite. Sometimes I have dark and tarry stools and blood in my vomit,Gastroenterology
I have been experiencing red and watery eyes.,Ophthalmology
I have lower back pain,Orthopedics
I have chest discomfort and palpitations lately.,Cardiology
My head hurts frequently,Neurology
I have dizziness and imbalance.,Neurology
I have been experiencing shortness of breath lately.,Pulmonology
I am having severe period pain.,Gynecology
I am having persistent fatigue.,General Medicine
"My muscles have been quite weak, and my neck has been really stiff. My joints have swollen, making it difficult for me to walk about without feeling stiff. Walking has also been really uncomfortable.",Orthopedics
"My skin is prone to infections due to dry, flaky patches. I am experiencing a strong pain in my joints. The skin on my knees and elbows is starting to peel off.",Dermatology
"The skin on my calves is itchy and inflamed, causing a lot of discomfort and difficulty sleeping at night. The blood vessels have started to protrude out, which is concerning.",General Medicine
"There is bruising on my legs that I cannot explain. I can see strange blood vessels below the skin. Also, I am slightly obese and I am really worried.",General Medicine
I am dealing with dry uncomfortable eyes lately.,Ophthalmology
I am having balance problems lately.,Neurology
I have difficulty hearing.,ENT
I have body aches and fever,General Medicine
I am having flaky scalp lately.,Dermatology
"Along with recurrent headaches and blurred vision, I suffer acid reflux and trouble digesting my food.",Neurology
I am having irregular menstrual cycles.,Gynecology
I am having sinus pressure lately.,ENT
My vision has become blurry,Ophthalmology
My eyes have been really red and my sinuses feel congested. I just don't have any energy and my throat has been really itchy. I've also noticed my lymph nodes are swollen and I've been coughing up a lot of phlegm.,ENT
I recently developed painful periods lately.,Gynecology
I recently developed irregular periods.,Gynecology
I have persistent indigestion,Gastroenterology
My knee is swollen and painful,Orthopedics
My eyes are sensitive to light,Ophthalmology
I am having fatigue with fever.,General Medicine
I have lower back pain.,Orthopedics
"I periodically find it challenging to swallow food due to the tingling in my throat, bad breath, and bad taste in my mouth.",Gastroenterology
I am having recurring migraine.,Neurology
The swelling in my legs is causing me to have difficulty fitting into my shoes. I can't sprint or stand for long periods of time. I can see some swollen blood vessels.,General Medicine
I have chest pressure during activity.,Cardiology
"I always get hot, puffy eyes and the feeling that something is obstructing my sinuses. My chest feels quite heavy, and I've been coughing up a lot of gunk. I have no sense of smell, and my muscles hurt a lot.",ENT
I am having persistent knee pain.,Orthopedics
"I've been experiencing balance issues, a headache, chest pain, and dizziness. My ability to concentrate and focus has also been challenging.",Cardiology
I have unexplained weight loss,General Medicine
"After eating, I get queasy and frequently throw up everything I've eaten. I always get severe abdominal ache and have terrible acid reflux.",Gastroenterology
The veins in my legs are causing discomfort and difficulty sleeping at night. I have no idea why it is happening. I get cramps when I sprint.,General Medicine
I have severe period pain.,Gynecology
I am having blurry vision in one eye lately.,Ophthalmology
My fingers and soles have pretty thick skin that is cracked severely. These fractures hurt and bleed frequently. The fractures are itchy and covered with scales.,Dermatology
I have been experiencing urinary burning and discomfort.,Urology
"My legs have been causing a lot of discomforts when I exercise. They feel heavy and swollen, and the veins are prominent and painful. I feel fatigued all the time.",General Medicine
I am having pelvic pain.,Gynecology
"I regularly wake up with a scratchy voice or a sore throat. My throat is constantly irritated, and I have horrible breath. I frequently throw up.",Gastroenterology
I have been experiencing irregular heartbeat lately.,Cardiology
I have been experiencing neck pain and stiffness lately.,Orthopedics
I have severe period pain lately.,Gynecology
I have dry itchy skin.,Dermatology
I am having severe period pain lately.,Gynecology
"The veins on my legs are causing a lot of discomforts when I sit for long periods of time. They are swollen and protruding from my skin, making them painful and noticeable.",General Medicine
I have been experiencing chest pressure during activity.,Cardiology
"I have heartburn and indigestion. I regularly throw up everything I eat, and swallowing is difficult for me since food gets stuck in my throat. I'm experiencing pain in my upper abdomen.",Gastroenterology
"I have indigestion and heartburn. I frequently vomit everything I eat, and it is hard for me to swallow since food gets caught in my throat. My upper abdomen is in discomfort.",Gastroenterology
I am having difficulty breathing during exercise lately.,Pulmonology
"I am starting to have rashes on my skin. The rash often bleeds when I scratch or rub it. Moreover, I have noticed small dents in my nails.",Dermatology
I am having shortness of breath.,Pulmonology
"The veins on my calves have become very prominent and causing discomfort. I can't stand for long periods of time, as it causes pain in my legs, similar to cramps.",General Medicine
I've been feeling really weak in my muscles and my neck has been really stiff. My joints have been swelling up and it's been hard to move around. Walking has been really painful.,Orthopedics
I experience shortness of breath,Pulmonology
I have been experiencing persistent skin irritation.,Dermatology
I have frequent indigestion,Gastroenterology
I am having dry itchy skin lately.,Dermatology
I have itchy red rash.,Dermatology
I have pain around my nose,ENT
"I woke up this morning feeling fine, but as the day went on, I started experiencing a headache, chest pain, and dizziness. It's been hard for me to focus and concentrate on my work since then.",Cardiology
"I've observed that my skin is more sensitive now than it used to be. My skin has a silvery film, especially on my back and elbows.",Dermatology
I have balance problems.,Neurology
I am having wheezing when breathing.,Pulmonology
I have pain inside my eyes,Ophthalmology
I have been experiencing severe menstrual cramps lately.,Gynecology
"I have been experiencing acidity, indigestion, headaches, and blurred and distorted vision, as well as excessive hunger, a stiff neck, depression, irritability, and visual disturbance.",Neurology
I have been experiencing numbness in hands lately.,Neurology
I have eye irritation lately.,Ophthalmology
I have been experiencing tonsil pain.,ENT
I have been experiencing dry uncomfortable eyes lately.,Ophthalmology
"The skin around the veins on my legs is red, inflamed, and itchy. It is causing a lot of discomforts and I am starting to get regular cramps.",General Medicine
I have dry itchy skin lately.,Dermatology
My skin is very itchy,Dermatology
My neck has been extremely tight and my muscles have felt quite weak recently. It is difficult for me to move around without becoming stiff due to my swollen joints. Walking has also been extremely uncomfortable.,Orthopedics
I have been experiencing high blood pressure lately.,Cardiology
"Along with chest pain, dizziness, and a headache that feels like a narrow zone around my head, I have been having a lot of trouble.",Cardiology
I can't stop coughing and I feel really cold. My sinuses are all blocked and I have a lot of mucus. My chest hurts and I can't smell anything. My muscles are also really sore.,ENT
I have difficulty seeing clearly lately.,Ophthalmology
I have been experiencing heartburn and acidity.,Gastroenterology
"My neck has been extremely tight and my muscles have been feeling extremely weak. My joints have been swollen and I've been walking around with a lot of stiffness. Additionally, walking has been extremely uneasy.",Orthopedics
"I feel as though acid or food is backing up into my throat. My chest hurts, and lying down makes it worse. After eating, I frequently have heartburn or indigestion and throw up.",Gastroenterology
I have been experiencing balance problems.,Neurology
"I've been feeling awful, with a lot of congestion and a runny nose. I've been coughing a lot and having a lot of chest pain. My fever has been really high, and I've been experiencing severe muscular discomfort.",ENT
I have itchy red rash lately.,Dermatology
I am having facial pressure with congestion.,ENT
I have persistent respiratory problems,Pulmonology
"Along with excessive appetite, a stiff neck, depression, impatience, and visual disturbance, I've also been having indigestion, headaches, blurred vision, and acid reflux.",Neurology
"I have red, watery eyes all the time. My sinuses have also been bothered by a constant tightness. My breathing has been quite tough, and I've been feeling worn out all the time. My lymph nodes are irritated, and I also have a lot of throat mucous.",ENT
I have been experiencing chills and high temperature.,General Medicine
I have been experiencing persistent cough and wheezing lately.,Pulmonology
I feel generally unwell,General Medicine
I have been experiencing wheezing when breathing.,Pulmonology
"I'm having trouble breathing and am really uncomfortable. I'm sweating profusely and have a lot of mucus in my throat. My chest aches, and my heart is racing. I'm coughing up dark mucous.",Pulmonology
I have pain while urinating,Urology
I am having general weakness lately.,General Medicine
"My skin rash has extended to other areas of my body, including my chest and belly. It is irritating and unpleasant, and it is frequently worst at night. I'm also experiencing skin flaking.",Dermatology
I have been experiencing blurred vision lately.,Ophthalmology
I am having elbow pain and stiffness lately.,Orthopedics
"Recently, the muscles in my neck have become tight and weak. It's difficult for me to run now since my joints are older without getting tight. The act of walking has also been quite unpleasant.",Orthopedics
I have unexplained fatigue,General Medicine
"I get frequent heartburn and indigestion, especially eating spicy foods or fatty foods. I get chest pain that gets worse when I lie down or bend over. I also often have chest pain",Gastroenterology
I have been experiencing lower abdominal pain during menstruation.,Gynecology
I have been experiencing joint stiffness lately.,Orthopedics
"My fever is really high, and I'm having trouble catching my breath. I'm sweating a lot, feeling cold and tired, and my heart is beating really fast. I also have some brownish phlegm coming up.",Pulmonology
I have been experiencing shortness of breath with exertion lately.,Cardiology
I get chest pain when walking,Cardiology
"Along with a headache, chest pain, instability, and balance issues, I've also been feeling dizzy. I also think I'm having problems focusing.",Cardiology
I have muscle and joint pain,Orthopedics
There are itchy patches on my body,Dermatology
My periods are very painful,Gynecology
"My skin rash gets worse in the winter when the air is dry. To keep my skin moisturized, I have to moisturize more regularly and use humidifiers. I am also facing joint pain.",Dermatology
I have chronic back pain,Orthopedics
My ears feel blocked,ENT
I am having low energy and weakness lately.,General Medicine
I recently developed red and watery eyes lately.,Ophthalmology
I have heartburn,Gastroenterology
The skin on my calves has become inflamed and red. My legs hurt if I try to run or do any physical activities.,General Medicine
I have shortness of breath.,Pulmonology
I am having persistent knee pain lately.,Orthopedics
I feel exhausted without much activity,General Medicine
I've been experiencing balance issues in addition to feeling disoriented and dizzy. My headache has also been present nonstop.,Cardiology
I am having persistent cough and wheezing.,Pulmonology
I am having lower abdominal pain during menstruation lately.,Gynecology
I am having chest tightness when walking.,Cardiology
The skin around the veins on my legs is red and inflamed. I believe I can see some of the swollen blood vessels. I am really worried about it.,General Medicine
I am having urinary urgency lately.,Urology
The swelling in my legs has gotten worse over the past few weeks and is causing me difficulty fitting into my shoes. It is also causing discomfort when I sit for long periods of time.,General Medicine
I am having urinary burning and discomfort.,Urology
"I've been coughing a lot and feeling chilly and shivery. My nose has been quite clogged, and I am experiencing facial pressure. I also have a lot of phlegm, and coughing pains my chest. I can't smell anything, and my muscles are aching.",ENT
"I'm having a lot of problems breathing. I'm not feeling good, and I'm sweating a lot. I have a lot of mucous in my throat and my chest hurts. My breathing is laboured, and the phlegm I'm coughing up has an odd tint.",Pulmonology
I have very irregular menstrual cycles,Gynecology
"I have been feeling excessively hungry, even after eating, and have had a stiff neck.",Neurology
"I've had trouble sleeping because of the itching and pain produced by the rash. My nails have little dents, which is really alarming. There is a noticeable inflammation in my nails.",Dermatology
I have been experiencing scaly skin patches.,Dermatology
I feel uneasiness after eating and usually vomit whatever I've eaten. I always have this pain in my abdomen and have really bad acid reflux,Gastroenterology
I have been experiencing kidney-area pain.,Urology
I have light sensitivity with eye discomfort.,Ophthalmology
I am dealing with dry uncomfortable eyes.,Ophthalmology
I am having joint stiffness.,Orthopedics
I have frequent fever,General Medicine
I am having hand tremors lately.,Neurology
I am having feeling generally unwell lately.,General Medicine
I have been experiencing irregular menstrual cycles.,Gynecology
I have irregular menstrual cycles.,Gynecology
"I can't stop sneezing, and I'm exhausted and sick. My throat is really uncomfortable, and there is a lot of junk in my nose and throat. My neck is also swollen and puffy.",ENT
My stomach feels heavy after eating,Gastroenterology
I am having episodes of vertigo.,Neurology
My voice has become hoarse,ENT
I have nasal congestion.,ENT
I have dry uncomfortable eyes.,Ophthalmology
"I always get a sour taste in my mouth, even when I don't have anything acidic in my stomach. I regularly have the hiccups and a knot in my throat.",Gastroenterology
I recently developed irregular menstrual cycles lately.,Gynecology
I am having persistent skin irritation.,Dermatology
I have been experiencing wrist pain when moving.,Orthopedics
"regularly have indigestion and heartburn, especially after eating spicy or fatty foods. My chest pain is worse when I hunch over or lie down. Additionally, my chest hurts a lot.",Gastroenterology
"My neck has been extremely stiff and my muscles have been extremely weak. As a result of swelling in my joints, I find it difficult to move around without feeling stiff. Additionally, walking has been extremely uneasy.",Orthopedics
"Along with a head pain, chest pain, instability, and balance issues, I've also been feeling unwell. I also think I'm having problems focusing.",Cardiology
I have painful periods.,Gynecology
I have fever and chills,General Medicine
I have been experiencing high blood pressure.,Cardiology
I am having constipation lately.,Gastroenterology
I have been experiencing light sensitivity with eye discomfort lately.,Ophthalmology
"The rash on my legs is spreading and becoming more severe. It is red, inflamed, and itchy, causing a lot of discomfort and difficulty sleeping at night.",General Medicine
I have nausea after meals,Gastroenterology
"My skin has been peeling, especially on my knees, elbows, and scalp. This peeling is often accompanied by a burning or stinging sensation.",Dermatology
"I've been getting frequent headaches and hazy vision, as well as acid reflux and indigestion after meals.",Neurology
"I've been experiencing muscular weakness and stiffness in my neck recently. My joints have enlarged, making it difficult for me to move. Walking has also been difficult.",Orthopedics
I am dealing with heavy menstrual bleeding lately.,Gynecology
I am having tonsil pain.,ENT
I have been experiencing racing heartbeat lately.,Cardiology
I have trouble breathing properly,Pulmonology
I have abdominal bloating lately.,Gastroenterology
"I was out shopping when I started feeling a headache, chest pain, and dizziness. It's been hard for me to focus and concentrate on my tasks since then.",Cardiology
My throat hurts when swallowing,ENT
I am having chest tightness while breathing.,Pulmonology
I have been experiencing ear pain.,ENT
I have persistent fatigue,General Medicine
I have been experiencing difficulty seeing clearly.,Ophthalmology
I am having blurred vision.,Ophthalmology
I have frequent menstrual problems,Gynecology
I have eye irritation.,Ophthalmology
I recently developed cramps during menstruation.,Gynecology
I have been experiencing frequent nighttime urination lately.,Urology
I have been getting blood in my pee. Sometimes I get nauseous while peeing. This often almost coincides with me having a high temperature,Urology
I have been having pain in my bladder and have been getting,Urology
I have ear pain,ENT
"I've been experiencing severe muscular weakness, and my neck has been really stiff. It has been difficult to move about since my joints have swollen. It has been really uncomfortable to walk.",Orthopedics
"I have been experiencing chest pain, dizziness, and a headache that feels like a continual pressure in my forehead.",Cardiology
I have been experiencing facial pressure with congestion lately.,ENT
"I'm running a temperature and can't seem to catch my breath. I've been sweating tremendously and feeling overall unwell and weak. I've also had some thick, black phlegm. My heart has been beating frantically, and my chest hurts.",Pulmonology
"My muscles have been really weak, and my neck has been extremely stiff. My joints have swollen, making it difficult for me to walk about without feeling stiff. Walking has also been really uncomfortable.",Orthopedics
I am dealing with irregular menstrual cycles lately.,Gynecology
I have irregular heartbeat lately.,Cardiology
"I've been irritated and depressed lately, and I've also noticed a change in my vision.",Neurology
I recently developed dry uncomfortable eyes.,Ophthalmology
I've been feeling really exhausted and sick to my stomach. I've had a really bad cough and my throat has hurt a lot. I've experienced substantial sinus pressure and a congested nose. I'm really unpleasant and worn out.,ENT
I have itchy eyes lately.,Ophthalmology
"I've been grumpy and gloomy lately, and I've also noticed a change in my vision.",Neurology
Standing or walking for long periods of time causes a lot of pain in my legs. I get cramps upon doing physical activities. There are bruise marks on my legs too.,General Medicine
I have been experiencing chest congestion with cough.,Pulmonology
I have been experiencing fever and body aches lately.,General Medicine
I am dealing with itchy eyes lately.,Ophthalmology
I am having difficulty seeing clearly lately.,Ophthalmology
I have missed my periods,Gynecology
I have knee pain when walking.,Orthopedics
I have a stuffy nose and throat pain,ENT
I have tingling in legs lately.,Neurology
I've been sneezing a lot and feeling really tired and sick. There's also a lot of gross stuff coming out of my nose and my throat feels really scratchy. And my neck feels swollen too.,ENT
"Lately, I've been having stiffness and weakness in my neck muscles. Since my joints have matured, it is difficult for the American state to operate without becoming stiff. Furthermore, walking has been quite painful.",Orthopedics
I recently developed eye pain.,Ophthalmology
My pee smells strongly and is cloudy in appearance. I've had high temperatures and a regular urge to urinate at night since these symptoms first materialised.,Urology
"I've been experiencing severe weariness and a sickly sensation. My throat has been really painful and I've had a fairly severe cough. My nose has been quite stuffy, and I've had significant sinus pressure. I'm really miserable and extremely exhausted.",ENT
My periods are unusually heavy,Gynecology
I have been experiencing abdominal bloating.,Gastroenterology
I am having unexplained body aches lately.,General Medicine
I have been experiencing low energy and weakness lately.,General Medicine
"My neck has been really tight, and my muscles have been rather weak. I have swelling joints that make it hard for me to move without getting stiff. Additionally, walking has been quite unpleasant.",Orthopedics
I have recurring acne lately.,Dermatology
I have irregular periods,Gynecology
I have been experiencing severe menstrual cramps.,Gynecology
I have mucus blocking my nose,ENT
I am having frequent severe headaches lately.,Neurology
I have throat irritation,ENT
"My eyes are always red and swollen, and I feel like there's something blocking my sinuses. I've been coughing up a lot of goo and my chest feels really heavy. I can't smell anything and my muscles are really sore",ENT
I am having eczema-like patches lately.,Dermatology
"I'm not in the mood to eat, and swallowing is difficult. I often have this lingering feeling of fullness even after little meals. My typical symptoms include heartburn, nausea, and throat tingling.",Gastroenterology
I am having indigestion lately.,Gastroenterology
"My skin is breaking out in rashes. When I scratch or rub the rash, it frequently bleeds. In addition, I've observed little dents in my nails. There is a noticeable inflammation in my nails.",Dermatology
I become breathless easily,Pulmonology
I have been experiencing persistent fatigue lately.,General Medicine
I have been experiencing knee pain when walking.,Orthopedics
My throat feels as though food or acid is backing up. Lying down only makes my chest pain more. I regularly have heartburn or indigestion after eating and puke up.,Gastroenterology
"I have been experiencing frequent headaches, blurred vision, excessive appetite, a sore neck, sadness, irritability, and digestive problems including indigestion and acid reflux.",Neurology
My digestion has become difficult,Gastroenterology
I have noticed that there are bruises on my legs that I cannot explain. They are not painful but are concerning to me.,General Medicine
My throat feels irritated,ENT
"I was in the middle of a meeting when I suddenly developed a headache, chest pain, and dizziness. It's been hard for me to focus and concentrate on the discussion since then.",Cardiology
I have shortness of breath with exertion.,Cardiology
I have persistent cough and wheezing lately.,Pulmonology
I have been experiencing recurring migraine lately.,Neurology
I am having memory problems lately.,Neurology
I have abdominal bloating.,Gastroenterology
I have been experiencing repeated wheezing episodes lately.,Pulmonology
"My genital skin is red and irritated. It is frequently irritating, burning, and unpleasant. There are also rashes in various places of the body. Also, I have a strange pain in my joints.",Dermatology
I am having kidney-area pain.,Urology
"I'm coughing nonstop and am really chilly. My mucus production is excessive, and my sinuses are fully clogged. I can't smell anything, and my chest hurts. My muscles are quite painful as well.",ENT
I have lower abdominal pain during menstruation.,Gynecology
I have ankle pain after injury lately.,Orthopedics
I have a long-lasting cough,Pulmonology
I have been experiencing shortness of breath with exertion.,Cardiology
I am dealing with eye irritation.,Ophthalmology
I am dealing with painful periods lately.,Gynecology
I am having runny nose and sneezing.,ENT
I am having sinus pressure.,ENT
"My muscles have been feeling really weak, and my neck has been extremely tight. I have swollen joints and find it difficult to move about without becoming stiff. It has also been really uncomfortable to walk.",Orthopedics
"I get frequent urges to urinate at night with little output, and a lot of pain during urination. The urine is coludy and bloody and sometime foul smelling, and I get nauseous",Urology
"I've recently been suffering with chills, lethargy, a cough, a high temperature, and difficulties breathing. I've been sweating profusely and generally feeling ill and weak. I've also had some quite thick and red phlegm.",Pulmonology
I have been experiencing difficulty hearing lately.,ENT
I have discomfort in my lower abdomen while urinating,Urology
I have numbness in hands lately.,Neurology
I am having difficulty hearing lately.,ENT
My eyes are very dry,Ophthalmology
"My throat frequently feels like it is burning, especially after eating. Additionally, I occasionally get a sour or bitter aftertaste, which causes me to feel queasy.",Gastroenterology
I am dealing with heavy menstrual bleeding.,Gynecology
I feel pins and needles in my hands,Neurology
I have been experiencing sore throat and blocked nose.,ENT
"I've been encountering poor balance, a headache, chest pain, and dizziness. My ability to pay attention and focus has also been problematic.",Cardiology
"I'm having problems breathing and have a very high fever. I'm perspiring a lot and experiencing extreme fatigue and chilly. My heart is racing, and I'm coughing up some brownish mucus.",Pulmonology
I have joint stiffness lately.,Orthopedics
I have been experiencing flaky scalp.,Dermatology
I am having difficulty with coordination.,Neurology
I have been experiencing knee pain when walking lately.,Orthopedics
I feel numbness and tingling,Neurology
I am dealing with light sensitivity with eye discomfort lately.,Ophthalmology
I have been experiencing burning during urination.,Urology
"I've been having frequent, strong, sudden urges to urinate. I occasionally urinate with blood in it, and the stench is horrible. What ought I to do if I think I'm infected?",Urology
"I've got a cough that won't go away, and I'm exhausted. I've been coughing up thick mucous and my fever is also pretty high.",Pulmonology
"In addition to a head pain, chest pain, instability, and balance issues, I've already been feeling unwell. I also suppose I'm having issues focusing.",Cardiology
"I have been suffering from acid reflux, indigestion, frequent headaches, and impaired vision, as well as excessive hunger, a sore neck, depression, irritability, and visual disturbance.",Neurology
I feel burning in my stomach,Gastroenterology
I have weakness in my limbs,Neurology
I am dealing with pelvic pain lately.,Gynecology
I am having rapid heartbeat.,Cardiology
I have acne on my face,Dermatology
I have irregular periods lately.,Gynecology
I am having tingling in legs.,Neurology
I am having chills and high temperature lately.,General Medicine
"Stomach acid, indigestion, frequent headaches, hazy and distorted vision, increased appetite, stiff neck, depression, irritation, and visual distortion have all been bothering me.",Neurology
I am dealing with heavy periods lately.,Gynecology
I am having cough lasting several days.,Pulmonology
"I was in the middle of a workout when I suddenly developed a headache, chest pain, and dizziness. It's been hard for me to maintain my balance since then",Cardiology
"My temperature is very high, and I'm having a hard time breathing. I'm sweating profusely, and I'm shaking with chills. I'm really tired, and my heart is beating really fast. I also have some brownish phlegm coming up",Pulmonology
"I have been having trouble with my vision, seeing things as distorted and experiencing visual disturbances.",Neurology
I am having neck pain and stiffness lately.,Orthopedics
I experience pelvic discomfort,Gynecology
I have persistent fatigue lately.,General Medicine
"My tendency is to belch and burp frequently. I frequently get chest pain that spreads to my arm, jaw, and the back of my neck. There is pressure and stress in my chest.",Gastroenterology
I have heavy periods lately.,Gynecology
I have ankle pain after injury.,Orthopedics
"When I first experienced a headache, chest pain, and lightheadedness, I was out shopping. Since then, it has been difficult for me to concentrate on my work.",Cardiology
I have blurred vision.,Ophthalmology
My ear feels painful and blocked,ENT
I have difficulty starting urination,Urology
I have severe lower abdominal pain during periods,Gynecology
I have been experiencing dry uncomfortable eyes.,Ophthalmology
I am having frequent severe headaches.,Neurology
I have burning during urination lately.,Urology
"I have a burning sensation in my upper abdomen, ofetn between or at night. I have heartburn and indigestion and often feel very nauseous",Gastroenterology
I have been having low temperatures and bloody pee since some days now. My head hurts like crazy and pee also smells very foul. I have almost no control on my peeing and get very sudden urges,Urology
I have a runny nose,ENT
I have excessive bleeding during menstruation,Gynecology
"My nails have small dents or pits in them, and they often feel inflammatory and tender to the touch. Even there are minor rashes on my arms.",Dermatology
I often get aburning sensation in my throat while and especially after eating. Sometimes this also leaves a sour or bitter taste in my mouth and I get nauseos beacuse of this,Gastroenterology
I feel tired all the time,General Medicine
My neck has been extremely tight and my muscles have been feeling extremely weak. It is difficult for me to move around without becoming stiff due to my swollen joints. Walking has also been extremely uncomfortable.,Orthopedics
"My muscles have been feeling really weak, and my neck has been extremely tight. My joints have swollen, making it difficult for me to move. It has hurt a lot to walk.",Orthopedics
I have been experiencing persistent knee pain.,Orthopedics
I have fever with body aches,General Medicine
"I am starting to have rashes on my arms and neck. The rash often bleeds and hurts when I scratch it. I have also developed small dents in my nails, which is very strange.",Dermatology
I have been experiencing constipation lately.,Gastroenterology
I have nausea and vomiting lately.,Gastroenterology
"I've been wheezing a lot and am generally feeling sick and exhausted. My throat feels really scratchy, and a lot of gross stuff is flowing out of my nose. My neck also feels bloated.",ENT
I am having blurry vision in one eye.,Ophthalmology
I am having stomach pain after meals.,Gastroenterology
I am dealing with itchy eyes.,Ophthalmology
I am dealing with pelvic pain.,Gynecology
I am dealing with red and watery eyes.,Ophthalmology
I have difficulty walking because of knee pain,Orthopedics
I can't seem to catch my breath and I'm sweating a lot. I feel really sick and have a lot of phlegm in my throat. My chest hurts and my heart is racing. The mucus I'm coughing up is brownish and stringy.,Pulmonology
I am having chest discomfort and palpitations lately.,Cardiology
I have been experiencing chest tightness while breathing.,Pulmonology
"I felt fine all day, but when I was driving home from work, I suddenly started to have headache, chest discomfort, and dizziness. Since then, it has been challenging for me to concentrate and focus while driving.",Cardiology
I've had trouble sleeping because of the itching and pain produced by the rash. My nails have little dents. I am also experiencing skin peeling in different parts of my body.,Dermatology
"My muscles have been quite weak, and my neck has been really stiff. My joints have swollen, making it difficult for me to walk about without becoming stiff. Walking has also been excruciatingly uncomfortable.",Orthopedics
I have unusual changes in my menstrual cycle,Gynecology
I experience numbness in my feet,Neurology
I have been experiencing fever and tiredness.,General Medicine
I have been experiencing eczema-like patches.,Dermatology
I am having fever and body aches.,General Medicine
I am having nausea and vomiting lately.,Gastroenterology
I have persistent pelvic pain,Gynecology
I am dealing with irregular periods lately.,Gynecology
I am having red itchy spots.,Dermatology
I feel pain in my urinary tract,Urology
I have been experiencing ankle pain after injury.,Orthopedics
I am having nausea and vomiting.,Gastroenterology
I have pain while urinating lately.,Urology
"My muscles have been feeling feeble recently, but my neck has been rock solid. My joints have become swollen, making it difficult for me to move about. Walking has been quite uncomfortable as well.",Orthopedics
"For the past few weeks, I've had a skin rash on my arms, legs, and chest. It's red and irritating, with dry, scaly spots. I have a strange pain in my joints too.",Dermatology
I am having frequent urination lately.,Urology
I have been experiencing persistent cough and wheezing.,Pulmonology
"I have been struggling with acid reflux, indigestion, and headaches, as well as blurred and distorted vision, excessive hunger, a sore neck, depression, irritability, and visual disturbance.",Neurology
I am having fever and tiredness.,General Medicine
I am having itchy skin bumps lately.,Dermatology
I have scaly skin patches.,Dermatology
"I'm dripping with perspiration and can't seem to catch my breath. My throat is filled with a lot of phlegm, and I feel awful. My heart is pounding, and my chest aches. I'm coughing up brownish mucous.",Pulmonology
I recently developed eye pain lately.,Ophthalmology
I have discomfort around my bladder,Urology
I recently developed itchy eyes.,Ophthalmology
"I have pain in my lower abdomen, and get a buring sensation in my pee. I also have been getting low temperatures since I started to get these other symptoms. I have been weak because of this",Urology
I'm having a hard time breathing and I feel really uncomfortable. I'm sweating a lot and there's a lot of phlegm in my throat. My chest hurts and my heart is beating fast. The mucus I'm coughing up is brownish.,Pulmonology
I occasionally urinate with blood in it and feel a little queasy. Help! I also occasionally get horrible pee odours and excessive overnight temps.,Urology
My skin is very sensitive and reacts easily to changes in temperature or humidity. I often have to be careful about what products I use on my skin.,Dermatology
I have unusual changes on my skin,Dermatology
"I have been experiencing acid reflux and difficulty digesting my food, along with regular headaches and impaired vision",Neurology
I am dealing with severe period pain.,Gynecology
"I've been coughing a lot and feeling incredibly chilly and exhausted. I have a pretty high fever, and it's difficult for me to breathe. I've been perspiring a lot and generally feeling weak and ill. I've had some quite thick and black phlegm.",Pulmonology
I have been experiencing burning in upper stomach.,Gastroenterology
"In add to frequent headaches and blurred vision, increased appetite, a stiff neck, anxiety, irritability, and visual disturbance, I have been having stomach problems, including indigestion and acidity.",Neurology
"I've been quite exhausted and ill. I have been sneezing a lot and am having trouble warming up. I'm so exhausted, and my head hurts. And I feel like I am boiling over with my high temperature.",ENT
"I've been exhausted and chilly, and I can't stop coughing. When I do, it pains in my chest and makes my heart race. My coughing mucous has a disgusting brownish hue.",Pulmonology
"Along with eyesight problems, increased appetite, a sore neck, melancholy, irritability, and regular headaches, I have also been experiencing acid reflux, indigestion, and frequent migraines. My regular activities have been made more challenging by these symptoms, which have been causing me a great deal of distress.",Neurology
"With a high temperature, shortness of breath, sweating, chills, and intense exhaustion, I've been feeling quite poorly. I've been coughing up a lot of brownish phlegm and my pulse rate is racing.",Pulmonology
I have recurring stomach cramps,Gastroenterology
I am having light sensitivity with eye discomfort lately.,Ophthalmology
I have been experiencing shoulder pain when lifting lately.,Orthopedics
"I had a headache and chest pain this morning, and as the day wore on, I also started to feel unsteady and unstable on my feet.",Cardiology
I have spotting between periods,Gynecology
I have blood in urine.,Urology
My pee smells strongly and seems cloudy. I've had fevers and frequent overnight urination needs ever since these symptoms began.,Urology
My eyes hurt,Ophthalmology
I have stomach pain,Gastroenterology
I am having persistent cough and wheezing lately.,Pulmonology
I am dealing with difficulty seeing clearly lately.,Ophthalmology
I am having chest discomfort and palpitations.,Cardiology
I am having heart palpitations lately.,Cardiology
I have been experiencing persistent cough lately.,Pulmonology
"I have a really high fever, and I have problems breathing. My heart is racing quite quickly, I'm perspiring a lot, and I feel chilly and exhausted. I'm also about to cough out some brownish phlegm.",Pulmonology
I have been experiencing stomach pain after meals lately.,Gastroenterology
I have been experiencing eye irritation.,Ophthalmology
"I've been experiencing chills, feel really exhausted, and my cough just won't go away. When I cough, my chest aches and my heart is pounding. It's a disgusting brownish hue, the mucous I'm coming up.",Pulmonology
"There is a silver like dusting on my skin. Moreover, the skin on my arms and back are starting to peel off. This is strange and really concerning me.",Dermatology
I am dealing with blurred vision.,Ophthalmology
I am dealing with light sensitivity with eye discomfort.,Ophthalmology
"The veins on my legs are very noticeable and are causing me a lot of discomforts. They are swollen and protrude from my skin, making them visible through my clothing.",General Medicine
"I've been feeling really sick with a high fever, shortness of breath, sweating, chills, and extreme fatigue. My heart rate is rapid, and I've been coughing up a lot of brownish sputum.",Pulmonology
I have burning during urination.,Urology
I have been experiencing chest discomfort and palpitations.,Cardiology
"I have been struggling with a headache that feels like a tight band around my head, along with chest pain and dizziness.",Cardiology
My knees hurt when I walk,Orthopedics
"My pee has a strong odour and a hazy look. Since these symptoms started, I've had high temperatures and frequent nighttime urges to urinate.",Urology
I have been experiencing hip pain while walking.,Orthopedics
"My urine is frequently black, red, and has a really strange odour. I have been experiencing temperature changes very regularly, which usually prevents me from sleeping at night.",Urology
I need to urinate many times at night,Urology
I have been experiencing fever with chills lately.,General Medicine
I have chills and fever,General Medicine
I am having shortness of breath lately.,Pulmonology
"I have pain in my abdomen, and often get feverish. I have sudden and strong urges to pee. The pain is almost constant, and often increases at night time. My pee almost always has a foul smell",Urology
I am having chest tightness when walking lately.,Cardiology
I have been experiencing lower abdominal pain during menstruation lately.,Gynecology
"I've been getting chills, feeling tired, and I can't seem to shake this cough. My chest aches and my heart feels like it's racing at a million miles per hour when I cough. I'm coughing out a foul rusty phlegm.",Pulmonology
"Since a few days ago, I've been experiencing low temperatures and bloody urination. My head is in excruciating pain, and my urine smells awful. I can hardly control when I urinate, and the impulses come on suddenly.",Urology
I experience abnormal sensations in my body,Neurology
"I have been suffering from acid reflux, indigestion, and regular headaches, as well as impaired vision, excessive hunger, a sore neck, depression, irritability, and visual disturbance. These symptoms have been causing me a lot of distress and making it difficult to go about my daily activities.",Neurology
"I've been feeling really cold and tired lately, and I've been coughing a lot with chest pain. My heart is beating really fast too, and when I cough, the phlegm is kind of a rusty color.",Pulmonology
I am having urinary urgency.,Urology
"I was at work when I started feeling a headache, chest pain, and dizziness. It's been hard for me to concentrate and focus on my tasks since then.",Cardiology
"I routinely experience heartburn and indigestion, particularly after consuming spicy or fatty foods. When I lean forward or lie down, my chest discomfort becomes worse. My chest hurts a lot as well.",Gastroenterology
I have persistent itching,Dermatology
My stomach burns after eating,Gastroenterology
I have eye redness,Ophthalmology
The rash on my skin is worse in the winter months when the air is dry. I find that I have to moisturize more frequently and use humidifiers to keep my skin hydrated.,Dermatology
I have sore throat and blocked nose lately.,ENT
I am having hand tremors.,Neurology
I have chest tightness with coughing,Pulmonology
"My skin is peeling in places, especially on my knees, elbows, and arms. This peeling is often accompanied by a painful or burning sensation. I am also developing small dents on my nails, which is really concerning.",Dermatology
I am having heavy periods.,Gynecology
I am having unexplained body aches.,General Medicine
I have been experiencing skin inflammation lately.,Dermatology
"My eyes are usually red and runny, and my nose is always stuffy. I've also been having difficulty breathing and my chest hurts. In addition, I can't smell anything and my muscles are quite painful.",ENT
Blood has been found in my urination. I sometimes have nausea when urinating. I regularly feel like I'm almost feverish.,Urology
"My pee has a strong, unpleasant scent and a hazy appearance. Since these symptoms started appearing, I regularly feel the desire to urinate at night and have been experiencing high temperatures",Urology
I have blurred vision lately.,Ophthalmology
I have balance problems,Neurology
I have an irregular heartbeat,Cardiology
There is blood in my urine and I have a low fever. My head hurts almost all the time and I get very strong uncontrollable urges to pee. I have been having pain in lower back also,Urology
I have persistent eye redness,Ophthalmology
I have fever and body aches.,General Medicine
"I frequently vomit and get discomfort at my pelvic area. My urine occasionally smells almost unbearably bad, and there is occasionally blood in it. Because of my headaches at times, I have problems falling asleep.",Urology
"I instantly experienced a headache, chest pain, and dizziness while working out. Since then, it has been challenging for me to keep my balance.",Cardiology
"My stomach hurts, and I frequently acquire a temperature. I experience sudden, intense cravings to urinate. The discomfort is virtually always there and frequently gets worse at night. My pee nearly always smells bad.",Urology
I am having heartburn and acidity lately.,Gastroenterology
"Headache, chest discomfort, dizziness, lack of balance, and difficulty concentrating are some of the symptoms I've been having.",Cardiology
I have pain around my heart,Cardiology
I feel pressure in my chest,Cardiology
I feel unusually tired,General Medicine
I have balance problems lately.,Neurology
I am dealing with eye pain lately.,Ophthalmology
"The skin on my genitals is red and inflamed. It is often itchy, burning, and uncomfortable. There are rashes on different parts of the body too.",Dermatology
I have urinary frequency,Urology
I am having tingling in legs lately.,Neurology
I have dizziness and imbalance lately.,Neurology
I have frequent diarrhea lately.,Gastroenterology
I have general weakness.,General Medicine
I have eye pain lately.,Ophthalmology
I have reproductive health concerns,Gynecology
"I don't feel like eating, and swallowing is challenging. Even after little meals, I frequently get this lingering sensation of fullness. My normal symptoms include nausea, heartburn, and tingling in my throat.",Gastroenterology
"I have a really high fever, and I'm having trouble breathing. I'm sweating a lot and feeling really cold and tired. My heart is beating really fast, and I have some brownish sputum",Pulmonology
I have difficulty seeing clearly.,Ophthalmology
My eyes feel irritated,Ophthalmology
My heart suddenly starts beating rapidly,Cardiology
I have been experiencing itchy skin bumps.,Dermatology
I am having irregular heartbeat.,Cardiology
"I have to go to the bathroom a lot, but generally only a few drops of urine come out. I have severe stomach pains and an overwhelming want to urinate.",Urology
I am dealing with irregular periods.,Gynecology
I recently developed eye irritation.,Ophthalmology
I am dealing with eye irritation lately.,Ophthalmology
Bright light hurts my eyes,Ophthalmology
I am having dry uncomfortable eyes lately.,Ophthalmology
I am having ankle pain after injury lately.,Orthopedics
I am having dry itchy skin.,Dermatology
I have weakness with loss of appetite,General Medicine
"I have been feeling lightheaded and unsteady on my feet, and have also noticed a decline in my ability to focus and concentrate.",Cardiology
I am having painful periods.,Gynecology
I am having irregular heartbeat lately.,Cardiology
I feel dizzy with headaches,Neurology
The skin around the veins on my legs is dry and flaky. It seems there is a major bruise and my legs have started to swell.,General Medicine
"I have been feeling hungry all the time and have had a sore neck, as well as problems with my vision.",Neurology
I have been experiencing difficulty breathing during exercise lately.,Pulmonology
I am having throat irritation lately.,ENT
I feel bloated after meals,Gastroenterology
I have joint stiffness in the morning,Orthopedics
"I'm coughing nonstop and I'm shivering terribly. I have a stuffy nose and my face is under strain. In addition, my throat is coughing up some nasty gunk, and my chest hurts. My muscles hurt a lot, and I can't smell anything.",ENT
I have pelvic pain during menstruation,Gynecology
I have been experiencing frequent diarrhea lately.,Gastroenterology
I have been experiencing red and watery eyes lately.,Ophthalmology
"Recently, my muscles have felt quite weak, and my neck has been really tight. I have swollen joints and find it difficult to move about without becoming stiff. It has also been really uncomfortable to walk.",Orthopedics
I have been experiencing feeling generally unwell lately.,General Medicine
I have persistent cough.,Pulmonology
I'm having a really hard time catching my breath and I'm sweating a lot. I feel really sick and have a lot of mucus in my throat. My chest hurts and my heart is racing. The mucus I'm coughing up is dark and looks like rust.,Pulmonology
I feel my heart pounding,Cardiology
I am having balance problems.,Neurology
I have sinus pressure lately.,ENT
I am dealing with lower abdominal pain during menstruation lately.,Gynecology
I have been experiencing red itchy spots.,Dermatology
I have runny nose and sneezing.,ENT
I am having high blood pressure lately.,Cardiology
"I have noticed that my skin has become more sensitive than it used to be. There is a silver like dusting on my skin, especially on my back and elbows.",Dermatology
"The cramps in my calves are becoming more frequent and intense, making it difficult for me to walk and do my daily activities.",General Medicine
"I'm dripping with perspiration and can't seem to catch my breath. My throat is filled with a lot of phlegm, and I feel awful. My heart is pounding, and my chest aches. I'm coughing up a stringy, brownish mucous.",Pulmonology
I am having shoulder pain when lifting lately.,Orthopedics
My skin is extremely sensitive and quickly irritated by changes in temperature or humidity. My nails have developed dents on them. I am worried about this sudden change.,Dermatology
I am having chills and high temperature.,General Medicine
I am having repeated wheezing episodes lately.,Pulmonology
"I have a rash on my legs that is causing a lot of discomforts. It seems there is a cramp and I can see prominent veins on the calf. Also, I have been feeling very tired and fatigued in the past couple of days.",General Medicine
I have been experiencing abdominal bloating lately.,Gastroenterology
I have digestive problems,Gastroenterology
I have been experiencing unexplained body aches lately.,General Medicine
I have heavy menstrual bleeding.,Gynecology
I have been experiencing fatigue with fever lately.,General Medicine
"I lack energy and feel like my neck is bloated. My eyes are red, and my throat feels scratchy. I have severe congestion in my nostrils, and my face is under pressure. I can't smell anything, and my chest hurts.",ENT
I am having itchy eyes lately.,Ophthalmology
I've been feeling really weak in my muscles lately and my neck has been really stiff. My joints have been swollen and it's hard for me to move around. It's also been painful to walk.,Orthopedics
"I've been experiencing chills, feeling worn out, and I can't seem to get rid of this cough. When I cough, my chest aches and my heart feels as like it is beating a million miles per hour. I'm coughing up a nasty rust-colored phlegm.",Pulmonology
I have a persistent cough,Pulmonology
"I have a rash on my legs that is giving me a lot of pain. There appears to be a cramp, and I can see visible veins on the calf.",General Medicine
"I've been having chills and feeling exhausted, and I can't seem to shake this cough. My chest hurts when I cough, and my heart feels like it's going a million miles an hour. The phlegm I'm coughing up is a dirty rust color.",Pulmonology
I have been experiencing dizziness and imbalance lately.,Neurology
I have a cough that will not go away,Pulmonology
I have been experiencing itchy eyes lately.,Ophthalmology
I have been experiencing persistent cough.,Pulmonology
"I have been experiencing acidity, indigestion, and headaches, as well as blurred and distorted vision, excessive hunger, a stiff neck, depression, irritability, and visual disturbance",Neurology
"As I am overweight, I have noticed that my legs are swollen and the blood vessels are more visible than usual. The swelling seems to be getting worse over time.",General Medicine
I have been experiencing persistent fatigue.,General Medicine
I have been experiencing chest discomfort and palpitations lately.,Cardiology
I have shoulder pain when lifting lately.,Orthopedics
"Belching and burping are common in me. I often get chest pain that radiates to the back of my neck, my jaw, and my arm. In my chest, there is pressure and stress.",Gastroenterology
"Blood is in my pee, and I have a low body temperature. I have practically continual headaches and often strong, uncontrollable need to urinate. In addition, I've started having lower back pain.",Urology
I am having persistent cough lately.,Pulmonology
I have eye pain.,Ophthalmology
I have kidney-area pain lately.,Urology
I have frequent severe headaches.,Neurology
I am having blood in urine.,Urology
I recently developed pelvic pain.,Gynecology
I am having feeling generally unwell.,General Medicine
"Even when I don't have anything acidic in my stomach, I constantly have a sour taste in my mouth. I frequently have hiccups and a lump in my throat.",Gastroenterology
The veins on my legs are very noticeable and cause me discomfort. It seems like there is a major bruise and I get cramps when I run.,General Medicine
My veins of legs have become more visible and swollen than normal. They are visible through my skin and it hurts when I move.,General Medicine
"I have been feeling extremely tired and weak, and I've also been coughing a lot with difficulty breathing. My fever is very high, and I'm producing a lot of mucus when I cough.",Pulmonology
I have persistent migraines,Neurology
"My pee frequently has an odd smell and is either red or black, or both. The frequent changes in my body temperature usually keep me awake at night.",Urology
"I have been suffering from back pain, a hacking cough, and weakness in my arms and legs. Additionally, my neck hurts and I have had issues with dizziness and maintaining my balance.",Orthopedics
"I have been feeling fine all day, but suddenly developed a headache, chest pain, and dizziness while driving home from work. It's been hard for me to focus and concentrate on the road since then.",Cardiology
I am having throat irritation.,ENT
"Along with a headache and chest pain, I also experienced fainting and balance issues. Additionally, I've discovered that it's hard for me to focus.",Cardiology
I have persistent cough and wheezing.,Pulmonology
I am having lower abdominal pain with urination.,Urology
"I have red and inflammatory skin around my mouth, nose, and eyes. It is frequently irritating and unpleasant. Recently, it has got very painful.",Dermatology
I have been experiencing fever with chills.,General Medicine
I have been experiencing joint stiffness.,Orthopedics
I am having eczema-like patches.,Dermatology
I have been experiencing ankle pain after injury lately.,Orthopedics
"Because of dry, flaky areas on my skin, I am prone to infections. My joints are in extreme pain . My knees and elbows' skin are starting to peel off.",Dermatology
I have cramps during menstruation.,Gynecology
I experience tingling sensations,Neurology
I have frequent diarrhea.,Gastroenterology
"My lower abdomen aches, and it feels like it may explode when I urinate. Since I began experiencing these new symptoms, my body temperature has been consistently low. That's why I've been weak.",Urology
I've been feeling truly frail in my muscles recently and my neck has been truly solid. Swollen joints make it difficult for me to move around. Walking has also been difficult.,Orthopedics
"I've been quite exhausted and ill. I'm sneezing nonstop and am quite cold. My head is throbbing, and I lack energy. Additionally, I have a very high fever and feel like I am on fire.",ENT
My joints are swollen,Orthopedics
"I'm drenched with sweat and can't seem to catch my breath. My throat is clogged with mucus, and I'm miserable. My heart is racing, and my chest aches. I'm coughing up a brownish stringy mucus.",Pulmonology
I noticed blood in my urinating. I occasionally feel sick after urinating. I frequently feel as though I have a fever.,Urology
I have a rash on my neck,Dermatology
I have been experiencing runny nose and sneezing.,ENT
I have persistent skin irritation.,Dermatology
I have been experiencing repeated wheezing episodes.,Pulmonology
I am having red itchy spots lately.,Dermatology
I feel tightness in my chest,Cardiology
I experience numbness in my hands,Neurology
I have abdominal pain,Gastroenterology
"In addition to feeling dizzy and lightheaded, I've been having problems keeping my equilibrium. My capacity to concentrate and focus has also been slipping, I've noticed.",Cardiology
"I have been experiencing severe back pain, a persistent cough, and weakness in my limbs. My neck also hurts and I have been feeling dizzy and off balance.",Orthopedics
I have been experiencing constipation.,Gastroenterology
I have been experiencing difficulty starting urination.,Urology
I have ear pain lately.,ENT
I am dealing with cramps during menstruation.,Gynecology
I am having numbness in hands lately.,Neurology
"I'm having trouble breathing and am quite uneasy. My throat is filled with a lot of phlegm, and I'm perspiring a lot. My heart is racing, and my chest aches. I'm coughing up reddish mucous.",Pulmonology
My knee hurts when I bend it,Orthopedics
I am having frequent diarrhea.,Gastroenterology
I have pain when passing urine,Urology
"I have been experiencing acidity, indigestion, headaches, and blurred and distorted vision, as well as excessive hunger, a stiff neck, depression, irritability, and visual disturbance. These symptoms have been affecting my daily life and causing me discomfort.",Neurology
I have persistent nasal congestion,ENT
I am having nasal congestion lately.,ENT
"My eyes are usually red and inflamed, and I have the impression that something is clogging my sinuses. I've been coughing up a lot of gunk, and my chest hurts. I can't smell anything, and my muscles are aching.",ENT
I am having difficulty with coordination lately.,Neurology
"My nose always feels stuffy and congested, and my eyes are always red and itching. I have a feeling of being unwell and fatigued, and I keep hacking up this gunk. I have a scratchy, irritated throat, and I've seen that my neck's bumps are larger than usual.",ENT
I have lower back pain lately.,Orthopedics
I experience reflux when lying down,Gastroenterology
"My urine often has a weird odour, is crimson or black in colour, and both. My body's temperature has been fluctuating often, which typically keeps me up at night.",Urology
I have been experiencing dizziness and imbalance.,Neurology
"I've been experiencing balance issues, chest pain, headaches, and pains. I've been having trouble focusing as well.",Cardiology
I have been experiencing red itchy spots lately.,Dermatology
I am having eye irritation.,Ophthalmology
I experience chest tightness during exercise,Cardiology
I have difficulty moving my joints,Orthopedics
"On rare occasions, I pee with blood in it and have mild nausea. Help! I also occasionally experience high nighttime temperatures and a dreadful urine odour.",Urology
I have trouble walking steadily,Neurology
I am having episodes of vertigo lately.,Neurology
I have pimples and inflamed skin,Dermatology
I have a racing heartbeat,Cardiology
I have a chronic cough,Pulmonology
"Recently, my calves have been cramping up frequently, especially when I am walking or standing for long periods of time. Also, the veins are very noticeable.",General Medicine
I have been experiencing wrist pain when moving lately.,Orthopedics
I have been experiencing persistent skin irritation lately.,Dermatology
"I have a persistent sour taste in my mouth, even when I haven't eaten anything acidic. I get frequent hiccups and a feeling of lump in my throat.",Gastroenterology
My nose is blocked,ENT
"I have to go the bathroom all the time, but the urine output is very low often just a few drops. My stomach hurts a lot and and cant seem to be able to control my urges to pee",Urology
I have been experiencing persistent knee pain lately.,Orthopedics
I am dealing with blurry vision in one eye lately.,Ophthalmology
I have breathing problems,Pulmonology
I have fever and tiredness lately.,General Medicine
I have heavy bleeding during periods,Gynecology
I have general weakness,General Medicine
"My spirits have been incredibly low, and my pee smells awful. My kidney region hurts a lot, and I can't seem to hold my urine in. I get these unreasonable urges all the time.",Urology
I am having rapid heartbeat lately.,Cardiology
I have a skin allergy,Dermatology
I have flaky skin,Dermatology
I am having eye irritation lately.,Ophthalmology
"I've been experiencing stiffness and weakness in my neck muscles recently. Since my joints have grown, it's hard for me to walk without getting stiff. Additionally, walking has been extremely uncomfortable.",Orthopedics
"Recently, the pain in my calves has been constant and becomes worse when I stand or walk for long periods of time. My legs have started to swell and also some blood vessels are quite noticeable.",General Medicine
I have difficulty hearing lately.,ENT
I have general body pain,General Medicine
I have joint pain,Orthopedics
I am having dry uncomfortable eyes.,Ophthalmology
"I've been experiencing balance issues along with feeling dizzy and lightheaded. Additionally, I've seen a drop in my concentration and focus.",Cardiology
I am dealing with pain around eyes.,Ophthalmology
I have pain near my pelvic region and vomit a lot. Sometimes there is blood in my pee and there is almost a very foul smell in my urine.I sometimes get headches and have trouble sleeping due to this,Urology
I am having persistent fatigue lately.,General Medicine
I am having acid reflux.,Gastroenterology
I have urinary discomfort,Urology
"My muscles area unit quite weak, and my neck has been terribly stiff. My joints have swollen, making it hard on behalf of Maine to steer regarding whereas not feeling stiff. Walking has put together been terribly uncomfortable.",Orthopedics
I feel chest pressure after physical activity,Cardiology
"Especially after eating, my throat frequently feels scorching. I occasionally get a bitter or sour aftertaste that makes me feel sick.",Gastroenterology
I have been experiencing nasal congestion.,ENT
I have breathing difficulty with cough,Pulmonology
I am having racing heartbeat.,Cardiology
I have painful periods lately.,Gynecology
I am dealing with heavy periods.,Gynecology
Long durations of standing or walking have caused severe discomfort in my legs. It's a burning ache that gets worse the longer I'm on my feet.,General Medicine
I have a mild fever and body pain,General Medicine
I have recurring migraines,Neurology
I have pelvic pain.,Gynecology
"My muscles have been feeling rather weak lately, but my neck has been really strong. My joints have swollen, making it challenging for me to move about. It has also been excruciatingly difficult to walk.",Orthopedics
I have been experiencing fever and body aches.,General Medicine
I have loss of appetite and weakness,General Medicine
I have fever,General Medicine
I have been experiencing frequent urination lately.,Urology
"I've been quite exhausted and ill. My throat has been quite painful, and I've had a fairly nasty cough. I've got a lot of chills and a pretty high temperature. Simply put, I feel really run down and feeble.",ENT
I have shoulder pain when lifting.,Orthopedics
I have unexplained chest discomfort,Cardiology
I have been experiencing chest pressure during activity lately.,Cardiology
I have been experiencing pain around eyes lately.,Ophthalmology
"I have been experiencing a skin rash on my arms, legs, and torso for the past few weeks. It is red, itchy, and covered in dry, scaly patches.",Dermatology
I have unusual urinary symptoms,Urology
"My balance has been off, and I have a headache, chest pain, and dizziness. I've also observed that it's hard for me to concentrate.",Cardiology
"I have been experiencing digestive issues, including acidity and indigestion, as well as frequent headaches and impaired vision, excessive hunger, a stiff neck, depression, irritability, and visual disturbance",Neurology
"I suddenly experienced a headache, chest pain, and dizziness in the middle of a conference. Since then, it has been challenging for me to concentrate and focus on the topic.",Cardiology
I have heartburn and acidity.,Gastroenterology
I am having constipation.,Gastroenterology
I have been urinating with blood in it. I occasionally feel queasy when urinating. I frequently almost have a fever at the same time.,Urology
I have racing heartbeat.,Cardiology
"I have been experiencing acidity, indigestion, and frequent headaches, as well as blurred and distorted vision, excessive hunger, a stiff neck, depression, irritability, and visual disturbance.",Neurology
I have pain in my fingers and joints,Orthopedics
"I have to use the restroom frequently to relieve myself, but I can't seem to get my bladder empty. I occasionally get severe, uncontrolled desires to urinate, as well as black or crimson urine.",Urology
I have been experiencing painful periods.,Gynecology
I have irregular periods.,Gynecology
"Recently, when I try to walk about, I have stiffness, a stiff neck, swollen joints, and muscular weakness. Walking has also been really uncomfortable.",Orthopedics
I have been experiencing blurred vision.,Ophthalmology
I need to urinate frequently,Urology
I have sensitivity to light,Ophthalmology
I have difficulty passing urine,Urology
"There is strange pain in my joints. Also, I have noticed strange peeling of skin in different parts of my body. I am afraid there is something wrong going on with my body.",Dermatology
"I'm having joint discomfort in my fingers, wrists, and knees. The pain is frequently aching and throbbing, and it worsens when I move my joints.",Dermatology
I am having red and watery eyes.,Ophthalmology
I am having skin inflammation.,Dermatology
I am having elbow pain and stiffness.,Orthopedics
I have itchy eyes.,Ophthalmology
"Especially after eating, my throat regularly feels like it is burning. I also occasionally get a bitter or sour aftertaste, which makes me feel sick.",Gastroenterology
I cannot see clearly,Ophthalmology
I recently developed dry uncomfortable eyes lately.,Ophthalmology
I have unexplained nerve pain,Neurology
I have persistent wheezing,Pulmonology
I've been feeling truly frail in my muscles recently and my neck has been truly solid. It has been difficult for me to move around because my joints have been swelling. Walking has also been extremely painful.,Orthopedics
I have difficulty maintaining balance,Neurology
I have dry uncomfortable eyes lately.,Ophthalmology
I have itchy red patches,Dermatology
I am dealing with blurred vision lately.,Ophthalmology
I am having breathlessness while walking.,Pulmonology
I am having recurring acne lately.,Dermatology
I have been experiencing cough lasting several days lately.,Pulmonology
"I've been sneezing incessantly and I just can't get this chill to go away. I feel so weak and exhausted, and my cough won't stop. My temperature is really high.",ENT
I recently developed severe menstrual cramps lately.,Gynecology
I have sudden changes in vision,Ophthalmology
I have trouble reading clearly,Ophthalmology
I have been experiencing urinary burning and discomfort lately.,Urology
I am dealing with irregular menstrual cycles.,Gynecology
"I can't stop sneezing and my nose is really runny. I'm also really cold and tired all the time, and I've been coughing a lot. My fever is really high too, like way above normal.",ENT
"I have noticed that the blood vessels in my legs are getting more noticeable than usual. It is a little concerning to me. Moreover, I am experiencing cramps every day.",General Medicine
"I have a chronic bad breath and a sour taste in my mouth, It sometimes gets difficult to swallow food because of this tingling sensation in my throat",Gastroenterology
"I've been coughing a lot recently with chest pain and feeling incredibly chilly and exhausted. Additionally, my heart is thumping rapidly, and the phlegm I cough up has a reddish hue.",Pulmonology
I have wheezing and coughing,Pulmonology
My back hurts when I bend forward,Orthopedics
"Together with increased hunger, a sore neck, anxiety, irritation, and visual distortion, I've also been experiencing acid reflux, indigestion, frequent headaches, and impaired eyesight.",Neurology
I have been experiencing difficulty with coordination lately.,Neurology
I have been experiencing frequent severe headaches lately.,Neurology
I have watery eyes,Ophthalmology
I am having itchy red rash lately.,Dermatology
I have discomfort in my chest,Cardiology
"I have to use the restroom frequently, yet only a few drops of pee are usually produced. My stomach aches a lot, and I can't seem to control the desire to urinate.",Urology
I am having difficulty breathing during exercise.,Pulmonology
I am having facial pressure with congestion lately.,ENT
I am having ear pain lately.,ENT
"Along with increased hunger, a sore neck, melancholy, impatience, and visual distortion, I've also been experiencing acid reflux, indigestion, frequent headaches, and blurred eyesight.",Neurology
I am having nasal congestion.,ENT
I have been experiencing pain while urinating.,Urology
I have sinus pressure.,ENT
I am having difficulty starting urination.,Urology
I am having fever and tiredness lately.,General Medicine
"I've got a high fever and can't seem to catch my breath. I've been sweating profusely and generally feeling ill and weak. I've also had some quite thick and black phlegm. My chest aches, and my heart has been racing rapidly.",Pulmonology
"The prominent veins on my calves are causing self-consciousness and embarrassment. They are swollen and protrude from my skin, making them very noticeable.",General Medicine
I am having abdominal cramps lately.,Gastroenterology
I have been experiencing indigestion.,Gastroenterology
I have pain in my lower abdomen,Urology
My skin is dry and irritated,Dermatology
"I've been experiencing balance issues, a headache, chest pain, and dizziness. I've also realised that I'm having trouble focusing.",Cardiology
I am having ear pain.,ENT
I get a burning sensation when I pee. Sometimes a lot of pain and foul smelling urine. I have been getting more urges to urinate at night,Urology
I am having itchy red rash.,Dermatology
"I've seen a sudden peeling of skin on various regions of my body, mostly my arms, legs, and back. In addition, I have significant joint pain and skin rashes. The rash is spreading to different parts of my body.",Dermatology
I am having eye pain.,Ophthalmology
"I have experienced difficulty sleeping due to the itching and discomfort caused by the rash. There are small dents in my nails, which is really concerning.",Dermatology
"I've been experiencing really low moods and very bad urine odour. I can't seem to keep my urine back, and the area near my kidneys hurts a lot. I frequently experience these irrational cravings.",Urology
I have cramps during menstruation lately.,Gynecology
I have been experiencing rapid heartbeat lately.,Cardiology
I have been experiencing hand tremors lately.,Neurology
I recently developed heavy menstrual bleeding.,Gynecology
I am having blocked ear lately.,ENT
I have recurring acne.,Dermatology
I have been experiencing shortness of breath.,Pulmonology
"My sinuses feel stuffy, and my eyes have been quite red. I simply lack energy, and my throat has been really scratchy. Along with the swelling in my lymph nodes, I've also been coughing up a lot of phlegm.",ENT
I am having irregular menstrual cycles lately.,Gynecology
I am dealing with eye pain.,Ophthalmology
I am having fatigue with fever lately.,General Medicine
"Along with impaired eyesight, increased appetite, a sore neck, melancholy, impatience, and regular headaches, I've also been experiencing heartburn, acid reflux, and indigestion.",Neurology
I've been feeling really sick and I've had a lot of fatigue. I've had a really bad cough and my throat has been really sore. I've had a lot of sinus pressure and my nose has been really congested. I just feel really run down and miserable.,ENT
"Along with excessive appetite, a stiff neck, depression, impatience, and visual disturbance, I've also been having indigestion, headaches, blurred vision, and acid reflux. These symptoms have been bothering me and interfering with my usual activities.",Neurology
"My legs' skin around the veins is unusual. There appears to be a large bruise. Nowadays, I get frequent cramps when I sprint or run.",General Medicine
"My symptoms include a headache, chest pain, dizziness, lack of balance, and trouble concentrating.",Cardiology
I have nausea and vomiting.,Gastroenterology
I have pain during menstruation,Gynecology
I have been experiencing pain while urinating lately.,Urology
"I am worried about the constant peeling of the skin on my palm, elbow and knee. I have developed rashes on my arms, which itch if I touch them. All of these are making my life quite discomforting and miserable.",Dermatology
I have frequent sneezing and a blocked nose,ENT
I have been experiencing urinary urgency lately.,Urology
I have been experiencing severe period pain lately.,Gynecology
"My arms, face and back are all red and irritated. It is frequently irritating and unpleasant. My nails have a strange inflammation and have developed small dents. I have never seen anything like this.",Dermatology
I cough frequently,Pulmonology
"My muscles have been feeling really weak, and my neck has been extremely tight. I've been experiencing a lot of stiffness when I walk about and my joints have been swollen. Walking has also been really uncomfortable.",Orthopedics
I been having very low temperatues and a very foul smelling pee. The area near my kidneys hurt a lot and I cant seem to hold my pee. I often get these uncontrollable urges,Urology
The cramps in my calves have been making it difficult for me to walk and do my daily activities. They come on suddenly and last for several minutes.,General Medicine
I have been experiencing skin inflammation.,Dermatology
I have been experiencing pelvic pain lately.,Gynecology
I am having kidney-area pain lately.,Urology
I have been experiencing cough lasting several days.,Pulmonology
I am having pain while urinating lately.,Urology
I have been experiencing racing heartbeat.,Cardiology
I have irregular menstrual cycles lately.,Gynecology
"I've been experiencing severe muscular weakness, and my neck has been really stiff. I have swollen joints and find it difficult to move about without becoming stiff. It has also been really uncomfortable to walk.",Orthopedics
I regularly feel sick after eating and puke up the entire meal. I constantly get horrible acid reflux agony and stomach discomfort.,Gastroenterology
"I've had a nasty cough and cold for days. My sinuses are congested, and I have facial pressure. I've also been coughing up mucus, and it pains my chest. I can't smell anything and my muscles are aching.",ENT
I have blurred vision,Ophthalmology
"I have frequent belching and burping. I have chest pain that often radiates to the back of my neck, jaw and arm. I get a feeling of tightness and pressure on my chest",Gastroenterology
My periods have become irregular,Gynecology
"My coordination has been off, and I've been experiencing a headache, chest pain, and dizziness. Additionally, I've had trouble concentrating and focusing.",Cardiology
"The skin around the veins on my legs is dry and flaky, causing discomfort and irritation. I am also starting to get frequent cramps.",General Medicine
I have been experiencing urinary urgency.,Urology
I have been experiencing chest tightness when walking lately.,Cardiology
"My fever is really high, and I'm having difficulty breathing. I'm drenched in sweat and shivering with chills. I'm quite fatigued, and my heart is racing. I'm also expecting some brownish phlegm.",Pulmonology
I recently developed painful periods.,Gynecology
I have been experiencing episodes of vertigo lately.,Neurology
"I regularly vomit and get pelvic pain. There is occasionally blood in my pee, and it occasionally has an absolutely intolerable odour. I occasionally have trouble falling asleep because of my migraines.",Urology
I experience blurred eyesight,Ophthalmology
I am having runny nose and sneezing lately.,ENT
The prominent blood vessels on my calves are causing self-consciousness and embarrassment. I believe the problem is because of my overweight.,General Medicine
"Along with a chronic cough and limb weakness, I've been dealing with excruciating back discomfort. I've been experiencing neck pain as well as vertigo and instability.",Orthopedics
I have burning eyes,Ophthalmology
I've been feeling really weak in my muscles and my neck has been really stiff. My joints have been swelling up and I've been having a lot of stiffness when I move around. It's also been really painful to walk.,Orthopedics
I have joint stiffness.,Orthopedics
I am having wrist pain when moving lately.,Orthopedics
"My skin has changed from being less sensitive to being more sensitive. My skin has a silvery coating, especially on my back, elbows and knees.",Dermatology
I have a severe headache,Neurology
"In the last four days, I've experienced low temperatures and blood in my pee. My head hurts so much and my urine smells awful. The desires to urinate seldom come on cue, and I hardly ever have any control over when they do.",Urology
I recently developed heavy menstrual bleeding lately.,Gynecology
I am having irregular periods lately.,Gynecology
I have been experiencing pelvic pain.,Gynecology
I have been experiencing nasal congestion lately.,ENT
I have been experiencing chills and high temperature lately.,General Medicine
"Periodically, the tingling in my throat, poor breath, and bad taste in my mouth make it difficult for me to swallow meals.",Gastroenterology
Standing or walking for long periods of time has been causing a lot of pain in my legs. It feels like a cramp and becomes worse the longer I am on my feet.,General Medicine
I have been experiencing sore throat and blocked nose lately.,ENT
I feel full and bloated after small meals,Gastroenterology
I have been experiencing irregular heartbeat.,Cardiology
"I'm having a lot of trouble breathing and am really uneasy. I'm feeling unwell and am perspiring a lot. My chest hurts and I have a lot of mucus in my throat. My heart is racing, and the hue of the mucus I'm coughing up is off.",Pulmonology
"I have been experiencing digestive issues, including acidity and indigestion, as well as regular headaches and distorted vision, excessive hunger, a stiff neck, depression, irritability, and visual disturbance.",Neurology
I have been experiencing episodes of vertigo.,Neurology
I have an itchy throat,ENT
I have noticed cramps in my calves are becoming more frequent and intense. It is causing me a lot of discomforts. I am also overweight and my legs have started to swell.,General Medicine
I feel burning in my urinary passage,Urology
I have been experiencing heart palpitations lately.,Cardiology
Food causes me stomach discomfort,Gastroenterology
"My skin has a silvery film, particularly on my back, arms and scalp. This dusting is composed of tiny scales that easily peel off when scratched.",Dermatology
"Along with headaches, indigestion, acid reflux, excessive appetite, a sore neck, sadness, impatience, and visual disturbance, I have also been feeling blurred and distorted vision.",Neurology
"I have been frequently getting sudden strong urges to pee. There is blood in my pee sometimes and it is very foul smelling. I think I have an infection, what do I do?",Urology
I have been experiencing unexplained body aches.,General Medicine
"I've been experiencing dizziness and shakiness, as well as a loss in my attention span and ability to concentrate.",Cardiology
I have been experiencing hand tremors.,Neurology
I have been experiencing ear pain lately.,ENT
"I have been experiencing a headache, chest pain, dizziness, and difficulty maintaining my balance. I also feel like I am having trouble concentrating",Cardiology
"My neck has been really stiff, and I've had terrible muscle weakness. Due to the swelling in my joints, it has been challenging to move about. Walking has been quite unpleasant.",Orthopedics
I am having chest congestion with cough lately.,Pulmonology
I have been experiencing heavy menstrual bleeding lately.,Gynecology
"Along with eyesight problems, increased appetite, a sore neck, melancholy, irritability, and regular headaches, I have also been experiencing acid reflux, indigestion, and frequent dizziness. My regular activities have been made more tough by these symptoms, which have been causing me a great deal of distress.",Neurology
My heart sometimes beats irregularly,Cardiology
"Recently, the muscles in my neck have become tight and weak. Since my joints have matured, it is difficult for the American government for me to run without becoming stiff. Walking has also been quite unpleasant.",Orthopedics
I have acid reflux,Gastroenterology
I have been experiencing a rash on my legs that is causing a lot of irritation and discomfort. It is red and inflamed and appears to be spreading.,General Medicine
"I've been having a lot of respiratory issues lately along with chills, exhaustion, a cough, and a high temperature. I've been sweating profusely and generally feeling ill and weak. My chest aches, and my heart has been racing rapidly.",Pulmonology
I feel dizzy along with a racing heartbeat,Cardiology
I am having lower back pain lately.,Orthopedics
I am having lower back pain.,Orthopedics
"I woke up this morning with a headache and chest pain, and as the day has gone on, I've also been feeling dizzy and unsteady on my feet",Cardiology
I have been experiencing elbow pain and stiffness lately.,Orthopedics
I have pain in my upper abdomen,Gastroenterology
I am having chest pressure during activity.,Cardiology
"I've recently been suffering with chills, lethargy, a cough, a high temperature, and difficulties breathing. I've been sweating profusely and generally feeling ill and weak. I've also had some quite thick and black phlegm.",Pulmonology
My skin has developed scaly patches,Dermatology
"I have been experiencing symptoms such as a headache, chest pain, dizziness, loss of balance, and difficulty focusing.",Cardiology
"I keep sneezing, and my eyes don't quit dripping. It's incredibly difficult for me to breathe because it feels like there is something trapped in my throat. I often feel exhausted, and lately, I've had a lot of phlegm. Moreover, my lymph nodes are enlarged.",ENT
My lungs feel uncomfortable when breathing,Pulmonology
"I have indigestion and heartburn. I frequently vomit everything I eat, and I have trouble swallowing food because it gets caught in my throat. My upper abdomen is bothering me.",Gastroenterology
"I have been struggling with digestive issues, including acid reflux and indigestion, as well as regular headaches and impaired vision, excessive hunger, a sore neck, depression, irritability, and visual disturbance",Neurology
"My nose is extremely runny, and I can't seem to stop sneezing. In addition, I constantly feel cold, exhausted, and I've been coughing a lot. My fever is also really high far above normal.",ENT
I have been experiencing feeling generally unwell.,General Medicine
My urine burns when I pass it,Urology
I have frequent episodes of dizziness,Neurology
I have scaly skin patches lately.,Dermatology
My shoulder hurts when I move it,Orthopedics
